path,id
AI_CUP/bounding_box_test/0003947_1015-190000-191900_0000001_acc_data.bmp,3947
AI_CUP/bounding_box_test/0003948_1015-190000-191900_0000006_acc_data.bmp,3948
AI_CUP/bounding_box_test/0003949_1015-190000-191900_0000001_acc_data.bmp,3949
AI_CUP/bounding_box_test/0003950_1015-190000-191900_0000008_acc_data.bmp,3950
AI_CUP/bounding_box_test/0003951_1015-190000-191900_0000011_acc_data.bmp,3951
AI_CUP/bounding_box_test/0003952_1015-190000-191900_0000012_acc_data.bmp,3952
AI_CUP/bounding_box_test/0003953_1015-190000-191900_0000013_acc_data.bmp,3953
AI_CUP/bounding_box_test/0003954_1015-190000-191900_0000015_acc_data.bmp,3954
AI_CUP/bounding_box_test/0003955_1015-190000-191900_0000016_acc_data.bmp,3955
AI_CUP/bounding_box_test/0003956_1015-190000-191900_0000019_acc_data.bmp,3956
AI_CUP/bounding_box_test/0003957_1015-190000-191900_0000020_acc_data.bmp,3957
AI_CUP/bounding_box_test/0003958_1015-190000-191900_0000024_acc_data.bmp,3958
AI_CUP/bounding_box_test/0003959_1015-190000-191900_0000024_acc_data.bmp,3959
AI_CUP/bounding_box_test/0003960_1015-190000-191900_0000024_acc_data.bmp,3960
AI_CUP/bounding_box_test/0003961_1015-190000-191900_0000028_acc_data.bmp,3961
AI_CUP/bounding_box_test/0003962_1015-190000-191900_0000031_acc_data.bmp,3962
AI_CUP/bounding_box_test/0003963_1015-190000-191900_0000087_acc_data.bmp,3963
AI_CUP/bounding_box_test/0003964_1015-190000-191900_0000070_acc_data.bmp,3964
AI_CUP/bounding_box_test/0003965_1015-190000-191900_0000040_acc_data.bmp,3965
AI_CUP/bounding_box_test/0003966_1015-190000-191900_0000042_acc_data.bmp,3966
AI_CUP/bounding_box_test/0003967_1015-190000-191900_0000044_acc_data.bmp,3967
AI_CUP/bounding_box_test/0003968_1015-190000-191900_0000045_acc_data.bmp,3968
AI_CUP/bounding_box_test/0003969_1015-190000-191900_0000055_acc_data.bmp,3969
AI_CUP/bounding_box_test/0003970_1015-190000-191900_0000057_acc_data.bmp,3970
AI_CUP/bounding_box_test/0003971_1015-190000-191900_0000058_acc_data.bmp,3971
AI_CUP/bounding_box_test/0003972_1015-190000-191900_0000075_acc_data.bmp,3972
AI_CUP/bounding_box_test/0003973_1015-190000-191900_0000077_acc_data.bmp,3973
AI_CUP/bounding_box_test/0003974_1015-190000-191900_0000079_acc_data.bmp,3974
AI_CUP/bounding_box_test/0003975_1015-190000-191900_0000099_acc_data.bmp,3975
AI_CUP/bounding_box_test/0003976_1015-190000-191900_0000100_acc_data.bmp,3976
AI_CUP/bounding_box_test/0003977_1015-190000-191900_0000102_acc_data.bmp,3977
AI_CUP/bounding_box_test/0003978_1015-190000-191900_0000104_acc_data.bmp,3978
AI_CUP/bounding_box_test/0003979_1015-190000-191900_0000104_acc_data.bmp,3979
AI_CUP/bounding_box_test/0003980_1015-190000-191900_0000105_acc_data.bmp,3980
AI_CUP/bounding_box_test/0003981_1015-190000-191900_0000108_acc_data.bmp,3981
AI_CUP/bounding_box_test/0003982_1015-190000-191900_0000108_acc_data.bmp,3982
AI_CUP/bounding_box_test/0003983_1015-190000-191900_0000109_acc_data.bmp,3983
AI_CUP/bounding_box_test/0003984_1015-190000-191900_0000110_acc_data.bmp,3984
AI_CUP/bounding_box_test/0003985_1015-190000-191900_0000111_acc_data.bmp,3985
AI_CUP/bounding_box_test/0003986_1015-190000-191900_0000110_acc_data.bmp,3986
AI_CUP/bounding_box_test/0003987_1015-190000-191900_0000113_acc_data.bmp,3987
AI_CUP/bounding_box_test/0003988_1015-190000-191900_0000044_acc_data.bmp,3988
AI_CUP/bounding_box_test/0003989_1015-190000-191900_0000119_acc_data.bmp,3989
AI_CUP/bounding_box_test/0003990_1015-190000-191900_0000120_acc_data.bmp,3990
AI_CUP/bounding_box_test/0003991_1015-190000-191900_0000114_acc_data.bmp,3991
AI_CUP/bounding_box_test/0003992_1015-190000-191900_0000106_acc_data.bmp,3992
AI_CUP/bounding_box_test/0003993_1015-190000-191900_0000130_acc_data.bmp,3993
AI_CUP/bounding_box_test/0003994_1015-190000-191900_0000131_acc_data.bmp,3994
AI_CUP/bounding_box_test/0003995_1015-190000-191900_0000133_acc_data.bmp,3995
AI_CUP/bounding_box_test/0003996_1015-190000-191900_0000135_acc_data.bmp,3996
AI_CUP/bounding_box_test/0003997_1015-190000-191900_0000132_acc_data.bmp,3997
AI_CUP/bounding_box_test/0003998_1015-190000-191900_0000134_acc_data.bmp,3998
AI_CUP/bounding_box_test/0003999_1015-190000-191900_0000150_acc_data.bmp,3999
AI_CUP/bounding_box_test/0004000_1015-190000-191900_0000152_acc_data.bmp,4000
AI_CUP/bounding_box_test/0004001_1015-190000-191900_0000152_acc_data.bmp,4001
AI_CUP/bounding_box_test/0004002_1015-190000-191900_0000166_acc_data.bmp,4002
AI_CUP/bounding_box_test/0004003_1015-190000-191900_0000168_acc_data.bmp,4003
AI_CUP/bounding_box_test/0004004_1015-190000-191900_0000168_acc_data.bmp,4004
AI_CUP/bounding_box_test/0004005_1015-190000-191900_0000186_acc_data.bmp,4005
AI_CUP/bounding_box_test/0004006_1015-190000-191900_0000189_acc_data.bmp,4006
AI_CUP/bounding_box_test/0004007_1015-190000-191900_0000189_acc_data.bmp,4007
AI_CUP/bounding_box_test/0004008_1015-190000-191900_0000192_acc_data.bmp,4008
AI_CUP/bounding_box_test/0004009_1015-190000-191900_0000194_acc_data.bmp,4009
AI_CUP/bounding_box_test/0004010_1015-190000-191900_0000194_acc_data.bmp,4010
AI_CUP/bounding_box_test/0004011_1015-190000-191900_0000195_acc_data.bmp,4011
AI_CUP/bounding_box_test/0004012_1015-190000-191900_0000196_acc_data.bmp,4012
AI_CUP/bounding_box_test/0004013_1015-190000-191900_0000195_acc_data.bmp,4013
AI_CUP/bounding_box_test/0004014_1015-190000-191900_0000196_acc_data.bmp,4014
AI_CUP/bounding_box_test/0004015_1015-190000-191900_0000198_acc_data.bmp,4015
AI_CUP/bounding_box_test/0004016_1015-190000-191900_0000199_acc_data.bmp,4016
AI_CUP/bounding_box_test/0004017_1015-190000-191900_0000199_acc_data.bmp,4017
AI_CUP/bounding_box_test/0004018_1015-190000-191900_0000200_acc_data.bmp,4018
AI_CUP/bounding_box_test/0004019_1015-190000-191900_0000200_acc_data.bmp,4019
AI_CUP/bounding_box_test/0004020_1015-190000-191900_0000201_acc_data.bmp,4020
AI_CUP/bounding_box_test/0004021_1015-190000-191900_0000204_acc_data.bmp,4021
AI_CUP/bounding_box_test/0004022_1015-190000-191900_0000203_acc_data.bmp,4022
AI_CUP/bounding_box_test/0004023_1015-190000-191900_0000206_acc_data.bmp,4023
AI_CUP/bounding_box_test/0004024_1015-190000-191900_0000207_acc_data.bmp,4024
AI_CUP/bounding_box_test/0004025_1015-190000-191900_0000207_acc_data.bmp,4025
AI_CUP/bounding_box_test/0004026_1015-190000-191900_0000215_acc_data.bmp,4026
AI_CUP/bounding_box_test/0004027_1015-190000-191900_0000215_acc_data.bmp,4027
AI_CUP/bounding_box_test/0004028_1015-190000-191900_0000262_acc_data.bmp,4028
AI_CUP/bounding_box_test/0004029_1015-190000-191900_0000221_acc_data.bmp,4029
AI_CUP/bounding_box_test/0004030_1015-190000-191900_0000221_acc_data.bmp,4030
AI_CUP/bounding_box_test/0004031_1015-190000-191900_0000222_acc_data.bmp,4031
AI_CUP/bounding_box_test/0004032_1015-190000-191900_0000225_acc_data.bmp,4032
AI_CUP/bounding_box_test/0004033_1015-190000-191900_0000227_acc_data.bmp,4033
AI_CUP/bounding_box_test/0004034_1015-190000-191900_0000230_acc_data.bmp,4034
AI_CUP/bounding_box_test/0004035_1015-190000-191900_0000232_acc_data.bmp,4035
AI_CUP/bounding_box_test/0004036_1015-190000-191900_0000276_acc_data.bmp,4036
AI_CUP/bounding_box_test/0004037_1015-190000-191900_0000276_acc_data.bmp,4037
AI_CUP/bounding_box_test/0004038_1015-190000-191900_0000279_acc_data.bmp,4038
AI_CUP/bounding_box_test/0004039_1015-190000-191900_0000285_acc_data.bmp,4039
AI_CUP/bounding_box_test/0004040_1015-190000-191900_0000280_acc_data.bmp,4040
AI_CUP/bounding_box_test/0004041_1015-190000-191900_0000282_acc_data.bmp,4041
AI_CUP/bounding_box_test/0004042_1015-190000-191900_0000287_acc_data.bmp,4042
AI_CUP/bounding_box_test/0004043_1015-190000-191900_0000158_acc_data.bmp,4043
AI_CUP/bounding_box_test/0004044_1015-190000-191900_0000289_acc_data.bmp,4044
AI_CUP/bounding_box_test/0004045_1015-190000-191900_0000288_acc_data.bmp,4045
AI_CUP/bounding_box_test/0004046_1015-190000-191900_0000291_acc_data.bmp,4046
AI_CUP/bounding_box_test/0004047_1015-190000-191900_0000293_acc_data.bmp,4047
AI_CUP/bounding_box_test/0004048_1015-190000-191900_0000293_acc_data.bmp,4048
AI_CUP/bounding_box_test/0004049_1015-190000-191900_0000322_acc_data.bmp,4049
AI_CUP/bounding_box_test/0004050_1015-190000-191900_0000294_acc_data.bmp,4050
AI_CUP/bounding_box_test/0004051_1015-190000-191900_0000295_acc_data.bmp,4051
AI_CUP/bounding_box_test/0004052_1015-190000-191900_0000297_acc_data.bmp,4052
AI_CUP/bounding_box_test/0004053_1015-190000-191900_0000299_acc_data.bmp,4053
AI_CUP/bounding_box_test/0004054_1015-190000-191900_0000299_acc_data.bmp,4054
AI_CUP/bounding_box_test/0004055_1015-190000-191900_0000302_acc_data.bmp,4055
AI_CUP/bounding_box_test/0004056_1015-190000-191900_0000328_acc_data.bmp,4056
AI_CUP/bounding_box_test/0004057_1015-190000-191900_0000311_acc_data.bmp,4057
AI_CUP/bounding_box_test/0004058_1015-190000-191900_0000313_acc_data.bmp,4058
AI_CUP/bounding_box_test/0004059_1015-190000-191900_0000317_acc_data.bmp,4059
AI_CUP/bounding_box_test/0004060_1015-190000-191900_0000260_acc_data.bmp,4060
AI_CUP/bounding_box_test/0004061_1015-190000-191900_0000328_acc_data.bmp,4061
AI_CUP/bounding_box_test/0004062_1015-190000-191900_0000360_acc_data.bmp,4062
AI_CUP/bounding_box_test/0004063_1015-190000-191900_0000360_acc_data.bmp,4063
AI_CUP/bounding_box_test/0004064_1015-190000-191900_0000004_acc_data.bmp,4064
AI_CUP/bounding_box_test/0004065_1015-190000-191900_0000005_acc_data.bmp,4065
AI_CUP/bounding_box_test/0004066_1015-190000-191900_0000007_acc_data.bmp,4066
AI_CUP/bounding_box_test/0004067_1015-190000-191900_0000026_acc_data.bmp,4067
AI_CUP/bounding_box_test/0004068_1015-190000-191900_0000040_acc_data.bmp,4068
AI_CUP/bounding_box_test/0004069_1015-190000-191900_0000047_acc_data.bmp,4069
AI_CUP/bounding_box_test/0004070_1015-190000-191900_0000046_acc_data.bmp,4070
AI_CUP/bounding_box_test/0004071_1015-190000-191900_0000049_acc_data.bmp,4071
AI_CUP/bounding_box_test/0004072_1015-190000-191900_0000049_acc_data.bmp,4072
AI_CUP/bounding_box_test/0004073_1015-190000-191900_0000050_acc_data.bmp,4073
AI_CUP/bounding_box_test/0004074_1015-190000-191900_0000052_acc_data.bmp,4074
AI_CUP/bounding_box_test/0004075_1015-190000-191900_0000054_acc_data.bmp,4075
AI_CUP/bounding_box_test/0004076_1015-190000-191900_0000055_acc_data.bmp,4076
AI_CUP/bounding_box_test/0004077_1015-190000-191900_0000055_acc_data.bmp,4077
AI_CUP/bounding_box_test/0004078_1015-190000-191900_0000059_acc_data.bmp,4078
AI_CUP/bounding_box_test/0004079_1015-190000-191900_0000095_acc_data.bmp,4079
AI_CUP/bounding_box_test/0004080_1015-190000-191900_0000100_acc_data.bmp,4080
AI_CUP/bounding_box_test/0004081_1015-190000-191900_0000111_acc_data.bmp,4081
AI_CUP/bounding_box_test/0004082_1015-190000-191900_0000123_acc_data.bmp,4082
AI_CUP/bounding_box_test/0004083_1015-190000-191900_0000129_acc_data.bmp,4083
AI_CUP/bounding_box_test/0004084_1015-190000-191900_0000130_acc_data.bmp,4084
AI_CUP/bounding_box_test/0004085_1015-190000-191900_0000129_acc_data.bmp,4085
AI_CUP/bounding_box_test/0004086_1015-190000-191900_0000131_acc_data.bmp,4086
AI_CUP/bounding_box_test/0004087_1015-190000-191900_0000132_acc_data.bmp,4087
AI_CUP/bounding_box_test/0004088_1015-190000-191900_0000134_acc_data.bmp,4088
AI_CUP/bounding_box_test/0004089_1015-190000-191900_0000155_acc_data.bmp,4089
AI_CUP/bounding_box_test/0004090_1015-190000-191900_0000159_acc_data.bmp,4090
AI_CUP/bounding_box_test/0004091_1015-190000-191900_0000184_acc_data.bmp,4091
AI_CUP/bounding_box_test/0004092_1015-190000-191900_0000202_acc_data.bmp,4092
AI_CUP/bounding_box_test/0004093_1015-190000-191900_0000215_acc_data.bmp,4093
AI_CUP/bounding_box_test/0004094_1015-190000-191900_0000215_acc_data.bmp,4094
AI_CUP/bounding_box_test/0004095_1015-190000-191900_0000217_acc_data.bmp,4095
AI_CUP/bounding_box_test/0004096_1015-190000-191900_0000219_acc_data.bmp,4096
AI_CUP/bounding_box_test/0004097_1015-190000-191900_0000222_acc_data.bmp,4097
AI_CUP/bounding_box_test/0004098_1015-190000-191900_0000233_acc_data.bmp,4098
AI_CUP/bounding_box_test/0004099_1015-190000-191900_0000252_acc_data.bmp,4099
AI_CUP/bounding_box_test/0004100_1015-190000-191900_0000254_acc_data.bmp,4100
AI_CUP/bounding_box_test/0004101_1015-190000-191900_0000255_acc_data.bmp,4101
AI_CUP/bounding_box_test/0004102_1015-190000-191900_0000257_acc_data.bmp,4102
AI_CUP/bounding_box_test/0004103_1015-190000-191900_0000260_acc_data.bmp,4103
AI_CUP/bounding_box_test/0004104_1015-190000-191900_0000317_acc_data.bmp,4104
AI_CUP/bounding_box_test/0004105_1015-190000-191900_0000319_acc_data.bmp,4105
AI_CUP/bounding_box_test/0004106_1015-190000-191900_0000319_acc_data.bmp,4106
AI_CUP/bounding_box_test/0004107_1015-190000-191900_0000322_acc_data.bmp,4107
AI_CUP/bounding_box_test/0004108_1015-190000-191900_0000325_acc_data.bmp,4108
AI_CUP/bounding_box_test/0004109_1015-190000-191900_0000336_acc_data.bmp,4109
AI_CUP/bounding_box_test/0004110_1015-190000-191900_0000002_acc_data.bmp,4110
AI_CUP/bounding_box_test/0004111_1015-190000-191900_0000002_acc_data.bmp,4111
AI_CUP/bounding_box_test/0004112_1015-190000-191900_0000003_acc_data.bmp,4112
AI_CUP/bounding_box_test/0004113_1015-190000-191900_0000002_acc_data.bmp,4113
AI_CUP/bounding_box_test/0004114_1015-190000-191900_0000003_acc_data.bmp,4114
AI_CUP/bounding_box_test/0004115_1015-190000-191900_0000006_acc_data.bmp,4115
AI_CUP/bounding_box_test/0004116_1015-190000-191900_0000014_acc_data.bmp,4116
AI_CUP/bounding_box_test/0004117_1015-190000-191900_0000014_acc_data.bmp,4117
AI_CUP/bounding_box_test/0004118_1015-190000-191900_0000010_acc_data.bmp,4118
AI_CUP/bounding_box_test/0004119_1015-190000-191900_0000016_acc_data.bmp,4119
AI_CUP/bounding_box_test/0004120_1015-190000-191900_0000007_acc_data.bmp,4120
AI_CUP/bounding_box_test/0004121_1015-190000-191900_0000037_acc_data.bmp,4121
AI_CUP/bounding_box_test/0004122_1015-190000-191900_0000072_acc_data.bmp,4122
AI_CUP/bounding_box_test/0004123_1015-190000-191900_0000062_acc_data.bmp,4123
AI_CUP/bounding_box_test/0004124_1015-190000-191900_0000099_acc_data.bmp,4124
AI_CUP/bounding_box_test/0004125_1015-190000-191900_0000134_acc_data.bmp,4125
AI_CUP/bounding_box_test/0004126_1015-190000-191900_0000132_acc_data.bmp,4126
AI_CUP/bounding_box_test/0004127_1015-190000-191900_0000136_acc_data.bmp,4127
AI_CUP/bounding_box_test/0004128_1015-190000-191900_0000096_acc_data.bmp,4128
AI_CUP/bounding_box_test/0004129_1015-190000-191900_0000144_acc_data.bmp,4129
AI_CUP/bounding_box_test/0004130_1015-190000-191900_0000169_acc_data.bmp,4130
AI_CUP/bounding_box_test/0004131_1015-190000-191900_0000206_acc_data.bmp,4131
AI_CUP/bounding_box_test/0004132_1015-190000-191900_0000163_acc_data.bmp,4132
AI_CUP/bounding_box_test/0004133_1015-190000-191900_0000163_acc_data.bmp,4133
AI_CUP/bounding_box_test/0004134_1015-190000-191900_0000191_acc_data.bmp,4134
AI_CUP/bounding_box_test/0004135_1015-190000-191900_0000191_acc_data.bmp,4135
AI_CUP/bounding_box_test/0004136_1015-190000-191900_0000166_acc_data.bmp,4136
AI_CUP/bounding_box_test/0004137_1015-190000-191900_0000179_acc_data.bmp,4137
AI_CUP/bounding_box_test/0004138_1015-190000-191900_0000223_acc_data.bmp,4138
AI_CUP/bounding_box_test/0004139_1015-190000-191900_0000134_acc_data.bmp,4139
AI_CUP/bounding_box_test/0004140_1015-190000-191900_0000129_acc_data.bmp,4140
AI_CUP/bounding_box_test/0004141_1015-190000-191900_0000193_acc_data.bmp,4141
AI_CUP/bounding_box_test/0004142_1015-190000-191900_0000235_acc_data.bmp,4142
AI_CUP/bounding_box_test/0004143_1015-190000-191900_0000065_acc_data.bmp,4143
AI_CUP/bounding_box_test/0004144_1015-190000-191900_0000220_acc_data.bmp,4144
AI_CUP/bounding_box_test/0004145_1015-190000-191900_0000223_acc_data.bmp,4145
AI_CUP/bounding_box_test/0004146_1015-190000-191900_0000090_acc_data.bmp,4146
AI_CUP/bounding_box_test/0004147_1015-190000-191900_0000201_acc_data.bmp,4147
AI_CUP/bounding_box_test/0004148_1015-190000-191900_0000234_acc_data.bmp,4148
AI_CUP/bounding_box_test/0004149_1015-190000-191900_0000232_acc_data.bmp,4149
AI_CUP/bounding_box_test/0004150_1015-190000-191900_0000236_acc_data.bmp,4150
AI_CUP/bounding_box_test/0004151_1015-190000-191900_0000281_acc_data.bmp,4151
AI_CUP/bounding_box_test/0004152_1015-190000-191900_0000244_acc_data.bmp,4152
AI_CUP/bounding_box_test/0004153_1015-190000-191900_0000247_acc_data.bmp,4153
AI_CUP/bounding_box_test/0004154_1015-190000-191900_0000262_acc_data.bmp,4154
AI_CUP/bounding_box_test/0004155_1015-190000-191900_0000254_acc_data.bmp,4155
AI_CUP/bounding_box_test/0004156_1015-190000-191900_0000275_acc_data.bmp,4156
AI_CUP/bounding_box_test/0004157_1015-190000-191900_0000301_acc_data.bmp,4157
AI_CUP/bounding_box_test/0004158_1015-190000-191900_0000274_acc_data.bmp,4158
AI_CUP/bounding_box_test/0004159_1015-190000-191900_0000280_acc_data.bmp,4159
AI_CUP/bounding_box_test/0004160_1015-190000-191900_0000180_acc_data.bmp,4160
AI_CUP/bounding_box_test/0004161_1015-190000-191900_0000070_acc_data.bmp,4161
AI_CUP/bounding_box_test/0004162_1015-190000-191900_0000165_acc_data.bmp,4162
AI_CUP/bounding_box_test/0004163_1015-190000-191900_0000358_acc_data.bmp,4163
AI_CUP/bounding_box_test/0004164_1015-190000-191900_0000359_acc_data.bmp,4164
AI_CUP/bounding_box_test/0004165_1015-190000-191900_0000335_acc_data.bmp,4165
AI_CUP/bounding_box_test/0004166_1015-190000-191900_0000338_acc_data.bmp,4166
AI_CUP/bounding_box_test/0004167_1015-190000-191900_0000337_acc_data.bmp,4167
AI_CUP/bounding_box_test/0004168_1015-190000-191900_0000001_acc_data.bmp,4168
AI_CUP/bounding_box_test/0004169_1015-190000-191900_0000065_acc_data.bmp,4169
AI_CUP/bounding_box_test/0004170_1015-190000-191900_0000115_acc_data.bmp,4170
AI_CUP/bounding_box_test/0004171_1015-190000-191900_0000152_acc_data.bmp,4171
AI_CUP/bounding_box_test/0004172_1015-190000-191900_0000260_acc_data.bmp,4172
AI_CUP/bounding_box_test/0004173_1015-190000-191900_0000261_acc_data.bmp,4173
AI_CUP/bounding_box_test/0004174_1015-190000-191900_0000347_acc_data.bmp,4174
AI_CUP/bounding_box_test/0004175_1015-190000-191900_0000001_acc_data.bmp,4175
AI_CUP/bounding_box_test/0004176_1015-190000-191900_0000049_acc_data.bmp,4176
AI_CUP/bounding_box_test/0004177_1015-190000-191900_0000059_acc_data.bmp,4177
AI_CUP/bounding_box_test/0004178_1015-190000-191900_0000054_acc_data.bmp,4178
AI_CUP/bounding_box_test/0004179_1015-190000-191900_0000081_acc_data.bmp,4179
AI_CUP/bounding_box_test/0004180_1015-190000-191900_0000079_acc_data.bmp,4180
AI_CUP/bounding_box_test/0004181_1015-190000-191900_0000126_acc_data.bmp,4181
AI_CUP/bounding_box_test/0004182_1015-190000-191900_0000130_acc_data.bmp,4182
AI_CUP/bounding_box_test/0004183_1015-190000-191900_0000138_acc_data.bmp,4183
AI_CUP/bounding_box_test/0004184_1015-190000-191900_0000305_acc_data.bmp,4184
AI_CUP/bounding_box_test/0004185_1015-190000-191900_0000147_acc_data.bmp,4185
AI_CUP/bounding_box_test/0004186_1015-190000-191900_0000122_acc_data.bmp,4186
AI_CUP/bounding_box_test/0004187_1015-190000-191900_0000138_acc_data.bmp,4187
AI_CUP/bounding_box_test/0004188_1015-190000-191900_0000249_acc_data.bmp,4188
AI_CUP/bounding_box_test/0004189_1015-190000-191900_0000292_acc_data.bmp,4189
AI_CUP/bounding_box_test/0004190_1015-190000-191900_0000289_acc_data.bmp,4190
AI_CUP/bounding_box_test/0004191_1015-190000-191900_0000296_acc_data.bmp,4191
AI_CUP/bounding_box_test/0004192_1015-190000-191900_0000309_acc_data.bmp,4192
AI_CUP/bounding_box_test/0004193_1015-190000-191900_0000313_acc_data.bmp,4193
AI_CUP/bounding_box_test/0004194_1015-190000-191900_0000335_acc_data.bmp,4194
AI_CUP/bounding_box_test/0004195_1015-190000-191900_0000336_acc_data.bmp,4195
AI_CUP/bounding_box_test/0004196_1015-190000-191900_0000339_acc_data.bmp,4196
AI_CUP/bounding_box_test/0004197_1015-190000-191900_0000341_acc_data.bmp,4197
AI_CUP/bounding_box_test/0004198_1015-190000-191900_0000353_acc_data.bmp,4198
AI_CUP/bounding_box_test/0004199_1015-190000-191900_0000029_acc_data.bmp,4199
AI_CUP/bounding_box_test/0004200_1015-190000-191900_0000052_acc_data.bmp,4200
AI_CUP/bounding_box_test/0004201_1015-190000-191900_0000053_acc_data.bmp,4201
AI_CUP/bounding_box_test/0004202_1015-190000-191900_0000056_acc_data.bmp,4202
AI_CUP/bounding_box_test/0004203_1015-190000-191900_0000056_acc_data.bmp,4203
AI_CUP/bounding_box_test/0004204_1015-190000-191900_0000072_acc_data.bmp,4204
AI_CUP/bounding_box_test/0004205_1015-190000-191900_0000078_acc_data.bmp,4205
AI_CUP/bounding_box_test/0004206_1015-190000-191900_0000081_acc_data.bmp,4206
AI_CUP/bounding_box_test/0004207_1015-190000-191900_0000134_acc_data.bmp,4207
AI_CUP/bounding_box_test/0004208_1015-190000-191900_0000118_acc_data.bmp,4208
AI_CUP/bounding_box_test/0004209_1015-190000-191900_0000138_acc_data.bmp,4209
AI_CUP/bounding_box_test/0004210_1015-190000-191900_0000143_acc_data.bmp,4210
AI_CUP/bounding_box_test/0004211_1015-190000-191900_0000175_acc_data.bmp,4211
AI_CUP/bounding_box_test/0004212_1015-190000-191900_0000212_acc_data.bmp,4212
AI_CUP/bounding_box_test/0004213_1015-190000-191900_0000196_acc_data.bmp,4213
AI_CUP/bounding_box_test/0004214_1015-190000-191900_0000199_acc_data.bmp,4214
AI_CUP/bounding_box_test/0004215_1015-190000-191900_0000225_acc_data.bmp,4215
AI_CUP/bounding_box_test/0004216_1015-190000-191900_0000228_acc_data.bmp,4216
AI_CUP/bounding_box_test/0004217_1015-190000-191900_0000027_acc_data.bmp,4217
AI_CUP/bounding_box_test/0004218_1015-190000-191900_0000231_acc_data.bmp,4218
AI_CUP/bounding_box_test/0004219_1015-190000-191900_0000246_acc_data.bmp,4219
AI_CUP/bounding_box_test/0004220_1015-190000-191900_0000293_acc_data.bmp,4220
AI_CUP/bounding_box_test/0004221_1015-190000-191900_0000286_acc_data.bmp,4221
AI_CUP/bounding_box_test/0004222_1015-190000-191900_0000294_acc_data.bmp,4222
AI_CUP/bounding_box_test/0004223_1015-190000-191900_0000297_acc_data.bmp,4223
AI_CUP/bounding_box_test/0004224_1015-190000-191900_0000298_acc_data.bmp,4224
AI_CUP/bounding_box_test/0004225_1015-190000-191900_0000309_acc_data.bmp,4225
AI_CUP/bounding_box_test/0004226_1015-190000-191900_0000307_acc_data.bmp,4226
AI_CUP/bounding_box_test/0004227_1015-190000-191900_0000310_acc_data.bmp,4227
AI_CUP/bounding_box_test/0004228_1015-190000-191900_0000359_acc_data.bmp,4228
AI_CUP/bounding_box_test/0004229_1015-190000-191900_0000009_acc_data.bmp,4229
AI_CUP/bounding_box_test/0004230_1015-190000-191900_0000018_acc_data.bmp,4230
AI_CUP/bounding_box_test/0004231_1015-190000-191900_0000028_acc_data.bmp,4231
AI_CUP/bounding_box_test/0004232_1015-190000-191900_0000044_acc_data.bmp,4232
AI_CUP/bounding_box_test/0004233_1015-190000-191900_0000048_acc_data.bmp,4233
AI_CUP/bounding_box_test/0004234_1015-190000-191900_0000050_acc_data.bmp,4234
AI_CUP/bounding_box_test/0004235_1015-190000-191900_0000060_acc_data.bmp,4235
AI_CUP/bounding_box_test/0004236_1015-190000-191900_0000063_acc_data.bmp,4236
AI_CUP/bounding_box_test/0004237_1015-190000-191900_0000065_acc_data.bmp,4237
AI_CUP/bounding_box_test/0004238_1015-190000-191900_0000069_acc_data.bmp,4238
AI_CUP/bounding_box_test/0004239_1015-190000-191900_0000075_acc_data.bmp,4239
AI_CUP/bounding_box_test/0004240_1015-190000-191900_0000081_acc_data.bmp,4240
AI_CUP/bounding_box_test/0004241_1015-190000-191900_0000083_acc_data.bmp,4241
AI_CUP/bounding_box_test/0004242_1015-190000-191900_0000097_acc_data.bmp,4242
AI_CUP/bounding_box_test/0004243_1015-190000-191900_0000128_acc_data.bmp,4243
AI_CUP/bounding_box_test/0004244_1015-190000-191900_0000130_acc_data.bmp,4244
AI_CUP/bounding_box_test/0004245_1015-190000-191900_0000130_acc_data.bmp,4245
AI_CUP/bounding_box_test/0004246_1015-190000-191900_0000191_acc_data.bmp,4246
AI_CUP/bounding_box_test/0004247_1015-190000-191900_0000139_acc_data.bmp,4247
AI_CUP/bounding_box_test/0004248_1015-190000-191900_0000143_acc_data.bmp,4248
AI_CUP/bounding_box_test/0004249_1015-190000-191900_0000144_acc_data.bmp,4249
AI_CUP/bounding_box_test/0004250_1015-190000-191900_0000146_acc_data.bmp,4250
AI_CUP/bounding_box_test/0004251_1015-190000-191900_0000147_acc_data.bmp,4251
AI_CUP/bounding_box_test/0004252_1015-190000-191900_0000148_acc_data.bmp,4252
AI_CUP/bounding_box_test/0004253_1015-190000-191900_0000152_acc_data.bmp,4253
AI_CUP/bounding_box_test/0004254_1015-190000-191900_0000154_acc_data.bmp,4254
AI_CUP/bounding_box_test/0004255_1015-190000-191900_0000156_acc_data.bmp,4255
AI_CUP/bounding_box_test/0004256_1015-190000-191900_0000160_acc_data.bmp,4256
AI_CUP/bounding_box_test/0004257_1015-190000-191900_0000160_acc_data.bmp,4257
AI_CUP/bounding_box_test/0004258_1015-190000-191900_0000163_acc_data.bmp,4258
AI_CUP/bounding_box_test/0004259_1015-190000-191900_0000192_acc_data.bmp,4259
AI_CUP/bounding_box_test/0004260_1015-190000-191900_0000214_acc_data.bmp,4260
AI_CUP/bounding_box_test/0004261_1015-190000-191900_0000214_acc_data.bmp,4261
AI_CUP/bounding_box_test/0004262_1015-190000-191900_0000213_acc_data.bmp,4262
AI_CUP/bounding_box_test/0004263_1015-190000-191900_0000217_acc_data.bmp,4263
AI_CUP/bounding_box_test/0004264_1015-190000-191900_0000223_acc_data.bmp,4264
AI_CUP/bounding_box_test/0004265_1015-190000-191900_0000227_acc_data.bmp,4265
AI_CUP/bounding_box_test/0004266_1015-190000-191900_0000237_acc_data.bmp,4266
AI_CUP/bounding_box_test/0004267_1015-190000-191900_0000246_acc_data.bmp,4267
AI_CUP/bounding_box_test/0004268_1015-190000-191900_0000251_acc_data.bmp,4268
AI_CUP/bounding_box_test/0004269_1015-190000-191900_0000252_acc_data.bmp,4269
AI_CUP/bounding_box_test/0004270_1015-190000-191900_0000252_acc_data.bmp,4270
AI_CUP/bounding_box_test/0004271_1015-190000-191900_0000295_acc_data.bmp,4271
AI_CUP/bounding_box_test/0004272_1015-190000-191900_0000299_acc_data.bmp,4272
AI_CUP/bounding_box_test/0004273_1015-190000-191900_0000301_acc_data.bmp,4273
AI_CUP/bounding_box_test/0004274_1015-190000-191900_0000301_acc_data.bmp,4274
AI_CUP/bounding_box_test/0004275_1015-190000-191900_0000340_acc_data.bmp,4275
AI_CUP/bounding_box_test/0004276_1015-190000-191900_0000310_acc_data.bmp,4276
AI_CUP/bounding_box_test/0004277_1015-190000-191900_0000313_acc_data.bmp,4277
AI_CUP/bounding_box_test/0004278_1015-190000-191900_0000314_acc_data.bmp,4278
AI_CUP/bounding_box_test/0004279_1015-190000-191900_0000317_acc_data.bmp,4279
AI_CUP/bounding_box_test/0004280_1015-190000-191900_0000343_acc_data.bmp,4280
AI_CUP/bounding_box_test/0004281_1015-190000-191900_0000343_acc_data.bmp,4281
AI_CUP/bounding_box_test/0004282_1015-190000-191900_0000346_acc_data.bmp,4282
AI_CUP/bounding_box_test/0004283_1015-190000-191900_0000358_acc_data.bmp,4283
AI_CUP/bounding_box_test/0004284_1015-190000-191900_0000358_acc_data.bmp,4284
AI_CUP/bounding_box_test/0004285_1015-190000-191900_0000116_acc_data.bmp,4285
AI_CUP/bounding_box_test/0004286_1015-190000-191900_0000295_acc_data.bmp,4286
AI_CUP/bounding_box_test/0004287_1016-150000-151900_0000008_acc_data.bmp,4287
AI_CUP/bounding_box_test/0004288_1016-150000-151900_0000009_acc_data.bmp,4288
AI_CUP/bounding_box_test/0004289_1016-150000-151900_0000006_acc_data.bmp,4289
AI_CUP/bounding_box_test/0004290_1016-150000-151900_0000012_acc_data.bmp,4290
AI_CUP/bounding_box_test/0004291_1016-150000-151900_0000015_acc_data.bmp,4291
AI_CUP/bounding_box_test/0004292_1016-150000-151900_0000008_acc_data.bmp,4292
AI_CUP/bounding_box_test/0004293_1016-150000-151900_0000008_acc_data.bmp,4293
AI_CUP/bounding_box_test/0004294_1016-150000-151900_0000016_acc_data.bmp,4294
AI_CUP/bounding_box_test/0004295_1016-150000-151900_0000010_acc_data.bmp,4295
AI_CUP/bounding_box_test/0004296_1016-150000-151900_0000016_acc_data.bmp,4296
AI_CUP/bounding_box_test/0004297_1016-150000-151900_0000256_acc_data.bmp,4297
AI_CUP/bounding_box_test/0004298_1016-150000-151900_0000020_acc_data.bmp,4298
AI_CUP/bounding_box_test/0004299_1016-150000-151900_0000021_acc_data.bmp,4299
AI_CUP/bounding_box_test/0004300_1016-150000-151900_0000037_acc_data.bmp,4300
AI_CUP/bounding_box_test/0004301_1016-150000-151900_0000044_acc_data.bmp,4301
AI_CUP/bounding_box_test/0004302_1016-150000-151900_0000044_acc_data.bmp,4302
AI_CUP/bounding_box_test/0004303_1016-150000-151900_0000039_acc_data.bmp,4303
AI_CUP/bounding_box_test/0004304_1016-150000-151900_0000042_acc_data.bmp,4304
AI_CUP/bounding_box_test/0004305_1016-150000-151900_0000065_acc_data.bmp,4305
AI_CUP/bounding_box_test/0004306_1016-150000-151900_0000047_acc_data.bmp,4306
AI_CUP/bounding_box_test/0004307_1016-150000-151900_0000053_acc_data.bmp,4307
AI_CUP/bounding_box_test/0004308_1016-150000-151900_0000050_acc_data.bmp,4308
AI_CUP/bounding_box_test/0004309_1016-150000-151900_0000052_acc_data.bmp,4309
AI_CUP/bounding_box_test/0004310_1016-150000-151900_0000052_acc_data.bmp,4310
AI_CUP/bounding_box_test/0004311_1016-150000-151900_0000070_acc_data.bmp,4311
AI_CUP/bounding_box_test/0004312_1016-150000-151900_0000102_acc_data.bmp,4312
AI_CUP/bounding_box_test/0004313_1016-150000-151900_0000097_acc_data.bmp,4313
AI_CUP/bounding_box_test/0004314_1016-150000-151900_0000104_acc_data.bmp,4314
AI_CUP/bounding_box_test/0004315_1016-150000-151900_0000103_acc_data.bmp,4315
AI_CUP/bounding_box_test/0004316_1016-150000-151900_0000103_acc_data.bmp,4316
AI_CUP/bounding_box_test/0004317_1016-150000-151900_0000111_acc_data.bmp,4317
AI_CUP/bounding_box_test/0004318_1016-150000-151900_0000105_acc_data.bmp,4318
AI_CUP/bounding_box_test/0004319_1016-150000-151900_0000001_acc_data.bmp,4319
AI_CUP/bounding_box_test/0004320_1016-150000-151900_0000114_acc_data.bmp,4320
AI_CUP/bounding_box_test/0004321_1016-150000-151900_0000113_acc_data.bmp,4321
AI_CUP/bounding_box_test/0004322_1016-150000-151900_0000111_acc_data.bmp,4322
AI_CUP/bounding_box_test/0004323_1016-150000-151900_0000036_acc_data.bmp,4323
AI_CUP/bounding_box_test/0004324_1016-150000-151900_0000112_acc_data.bmp,4324
AI_CUP/bounding_box_test/0004325_1016-150000-151900_0000122_acc_data.bmp,4325
AI_CUP/bounding_box_test/0004326_1016-150000-151900_0000128_acc_data.bmp,4326
AI_CUP/bounding_box_test/0004327_1016-150000-151900_0000131_acc_data.bmp,4327
AI_CUP/bounding_box_test/0004328_1016-150000-151900_0000165_acc_data.bmp,4328
AI_CUP/bounding_box_test/0004329_1016-150000-151900_0000153_acc_data.bmp,4329
AI_CUP/bounding_box_test/0004330_1016-150000-151900_0000184_acc_data.bmp,4330
AI_CUP/bounding_box_test/0004331_1016-150000-151900_0000162_acc_data.bmp,4331
AI_CUP/bounding_box_test/0004332_1016-150000-151900_0000179_acc_data.bmp,4332
AI_CUP/bounding_box_test/0004333_1016-150000-151900_0000203_acc_data.bmp,4333
AI_CUP/bounding_box_test/0004334_1016-150000-151900_0000157_acc_data.bmp,4334
AI_CUP/bounding_box_test/0004335_1016-150000-151900_0000211_acc_data.bmp,4335
AI_CUP/bounding_box_test/0004336_1016-150000-151900_0000264_acc_data.bmp,4336
AI_CUP/bounding_box_test/0004337_1016-150000-151900_0000275_acc_data.bmp,4337
AI_CUP/bounding_box_test/0004338_1016-150000-151900_0000222_acc_data.bmp,4338
AI_CUP/bounding_box_test/0004339_1016-150000-151900_0000256_acc_data.bmp,4339
AI_CUP/bounding_box_test/0004340_1016-150000-151900_0000234_acc_data.bmp,4340
AI_CUP/bounding_box_test/0004341_1016-150000-151900_0000250_acc_data.bmp,4341
AI_CUP/bounding_box_test/0004342_1016-150000-151900_0000253_acc_data.bmp,4342
AI_CUP/bounding_box_test/0004343_1016-150000-151900_0000263_acc_data.bmp,4343
AI_CUP/bounding_box_test/0004344_1016-150000-151900_0000266_acc_data.bmp,4344
AI_CUP/bounding_box_test/0004345_1016-150000-151900_0000282_acc_data.bmp,4345
AI_CUP/bounding_box_test/0004346_1016-150000-151900_0000277_acc_data.bmp,4346
AI_CUP/bounding_box_test/0004347_1016-150000-151900_0000279_acc_data.bmp,4347
AI_CUP/bounding_box_test/0004348_1016-150000-151900_0000232_acc_data.bmp,4348
AI_CUP/bounding_box_test/0004349_1016-150000-151900_0000290_acc_data.bmp,4349
AI_CUP/bounding_box_test/0004350_1016-150000-151900_0000299_acc_data.bmp,4350
AI_CUP/bounding_box_test/0004351_1016-150000-151900_0000294_acc_data.bmp,4351
AI_CUP/bounding_box_test/0004352_1016-150000-151900_0000299_acc_data.bmp,4352
AI_CUP/bounding_box_test/0004353_1016-150000-151900_0000299_acc_data.bmp,4353
AI_CUP/bounding_box_test/0004354_1016-150000-151900_0000318_acc_data.bmp,4354
AI_CUP/bounding_box_test/0004355_1016-150000-151900_0000311_acc_data.bmp,4355
AI_CUP/bounding_box_test/0004356_1016-150000-151900_0000324_acc_data.bmp,4356
AI_CUP/bounding_box_test/0004357_1016-150000-151900_0000314_acc_data.bmp,4357
AI_CUP/bounding_box_test/0004358_1016-150000-151900_0000316_acc_data.bmp,4358
AI_CUP/bounding_box_test/0004359_1016-150000-151900_0000325_acc_data.bmp,4359
AI_CUP/bounding_box_test/0004360_1016-150000-151900_0000341_acc_data.bmp,4360
AI_CUP/bounding_box_test/0004361_1016-150000-151900_0000325_acc_data.bmp,4361
AI_CUP/bounding_box_test/0004362_1016-150000-151900_0000352_acc_data.bmp,4362
AI_CUP/bounding_box_test/0004363_1016-150000-151900_0000018_acc_data.bmp,4363
AI_CUP/bounding_box_test/0004364_1016-150000-151900_0000014_acc_data.bmp,4364
AI_CUP/bounding_box_test/0004365_1016-150000-151900_0000016_acc_data.bmp,4365
AI_CUP/bounding_box_test/0004366_1016-150000-151900_0000018_acc_data.bmp,4366
AI_CUP/bounding_box_test/0004367_1016-150000-151900_0000022_acc_data.bmp,4367
AI_CUP/bounding_box_test/0004368_1016-150000-151900_0000032_acc_data.bmp,4368
AI_CUP/bounding_box_test/0004369_1016-150000-151900_0000033_acc_data.bmp,4369
AI_CUP/bounding_box_test/0004370_1016-150000-151900_0000036_acc_data.bmp,4370
AI_CUP/bounding_box_test/0004371_1016-150000-151900_0000114_acc_data.bmp,4371
AI_CUP/bounding_box_test/0004372_1016-150000-151900_0000075_acc_data.bmp,4372
AI_CUP/bounding_box_test/0004373_1016-150000-151900_0000083_acc_data.bmp,4373
AI_CUP/bounding_box_test/0004374_1016-150000-151900_0000099_acc_data.bmp,4374
AI_CUP/bounding_box_test/0004375_1016-150000-151900_0000101_acc_data.bmp,4375
AI_CUP/bounding_box_test/0004376_1016-150000-151900_0000101_acc_data.bmp,4376
AI_CUP/bounding_box_test/0004377_1016-150000-151900_0000102_acc_data.bmp,4377
AI_CUP/bounding_box_test/0004378_1016-150000-151900_0000103_acc_data.bmp,4378
AI_CUP/bounding_box_test/0004379_1016-150000-151900_0000104_acc_data.bmp,4379
AI_CUP/bounding_box_test/0004380_1016-150000-151900_0000107_acc_data.bmp,4380
AI_CUP/bounding_box_test/0004381_1016-150000-151900_0000117_acc_data.bmp,4381
AI_CUP/bounding_box_test/0004382_1016-150000-151900_0000145_acc_data.bmp,4382
AI_CUP/bounding_box_test/0004383_1016-150000-151900_0000155_acc_data.bmp,4383
AI_CUP/bounding_box_test/0004384_1016-150000-151900_0000165_acc_data.bmp,4384
AI_CUP/bounding_box_test/0004385_1016-150000-151900_0000172_acc_data.bmp,4385
AI_CUP/bounding_box_test/0004386_1016-150000-151900_0000023_acc_data.bmp,4386
AI_CUP/bounding_box_test/0004387_1016-150000-151900_0000175_acc_data.bmp,4387
AI_CUP/bounding_box_test/0004388_1016-150000-151900_0000179_acc_data.bmp,4388
AI_CUP/bounding_box_test/0004389_1016-150000-151900_0000180_acc_data.bmp,4389
AI_CUP/bounding_box_test/0004390_1016-150000-151900_0000182_acc_data.bmp,4390
AI_CUP/bounding_box_test/0004391_1016-150000-151900_0000195_acc_data.bmp,4391
AI_CUP/bounding_box_test/0004392_1016-150000-151900_0000197_acc_data.bmp,4392
AI_CUP/bounding_box_test/0004393_1016-150000-151900_0000200_acc_data.bmp,4393
AI_CUP/bounding_box_test/0004394_1016-150000-151900_0000132_acc_data.bmp,4394
AI_CUP/bounding_box_test/0004395_1016-150000-151900_0000227_acc_data.bmp,4395
AI_CUP/bounding_box_test/0004396_1016-150000-151900_0000227_acc_data.bmp,4396
AI_CUP/bounding_box_test/0004397_1016-150000-151900_0000228_acc_data.bmp,4397
AI_CUP/bounding_box_test/0004398_1016-150000-151900_0000236_acc_data.bmp,4398
AI_CUP/bounding_box_test/0004399_1016-150000-151900_0000259_acc_data.bmp,4399
AI_CUP/bounding_box_test/0004400_1016-150000-151900_0000263_acc_data.bmp,4400
AI_CUP/bounding_box_test/0004401_1016-150000-151900_0000274_acc_data.bmp,4401
AI_CUP/bounding_box_test/0004402_1016-150000-151900_0000282_acc_data.bmp,4402
AI_CUP/bounding_box_test/0004403_1016-150000-151900_0000284_acc_data.bmp,4403
AI_CUP/bounding_box_test/0004404_1016-150000-151900_0000298_acc_data.bmp,4404
AI_CUP/bounding_box_test/0004405_1016-150000-151900_0000302_acc_data.bmp,4405
AI_CUP/bounding_box_test/0004406_1016-150000-151900_0000302_acc_data.bmp,4406
AI_CUP/bounding_box_test/0004407_1016-150000-151900_0000305_acc_data.bmp,4407
AI_CUP/bounding_box_test/0004408_1016-150000-151900_0000305_acc_data.bmp,4408
AI_CUP/bounding_box_test/0004409_1016-150000-151900_0000308_acc_data.bmp,4409
AI_CUP/bounding_box_test/0004410_1016-150000-151900_0000309_acc_data.bmp,4410
AI_CUP/bounding_box_test/0004411_1016-150000-151900_0000312_acc_data.bmp,4411
AI_CUP/bounding_box_test/0004412_1016-150000-151900_0000317_acc_data.bmp,4412
AI_CUP/bounding_box_test/0004413_1016-150000-151900_0000343_acc_data.bmp,4413
AI_CUP/bounding_box_test/0004414_1016-150000-151900_0000348_acc_data.bmp,4414
AI_CUP/bounding_box_test/0004415_1016-150000-151900_0000008_acc_data.bmp,4415
AI_CUP/bounding_box_test/0004416_1016-150000-151900_0000021_acc_data.bmp,4416
AI_CUP/bounding_box_test/0004417_1016-150000-151900_0000049_acc_data.bmp,4417
AI_CUP/bounding_box_test/0004418_1016-150000-151900_0000029_acc_data.bmp,4418
AI_CUP/bounding_box_test/0004419_1016-150000-151900_0000033_acc_data.bmp,4419
AI_CUP/bounding_box_test/0004420_1016-150000-151900_0000035_acc_data.bmp,4420
AI_CUP/bounding_box_test/0004421_1016-150000-151900_0000028_acc_data.bmp,4421
AI_CUP/bounding_box_test/0004422_1016-150000-151900_0000029_acc_data.bmp,4422
AI_CUP/bounding_box_test/0004423_1016-150000-151900_0000039_acc_data.bmp,4423
AI_CUP/bounding_box_test/0004424_1016-150000-151900_0000044_acc_data.bmp,4424
AI_CUP/bounding_box_test/0004425_1016-150000-151900_0000045_acc_data.bmp,4425
AI_CUP/bounding_box_test/0004426_1016-150000-151900_0000052_acc_data.bmp,4426
AI_CUP/bounding_box_test/0004427_1016-150000-151900_0000089_acc_data.bmp,4427
AI_CUP/bounding_box_test/0004428_1016-150000-151900_0000082_acc_data.bmp,4428
AI_CUP/bounding_box_test/0004429_1016-150000-151900_0000096_acc_data.bmp,4429
AI_CUP/bounding_box_test/0004430_1016-150000-151900_0000099_acc_data.bmp,4430
AI_CUP/bounding_box_test/0004431_1016-150000-151900_0000116_acc_data.bmp,4431
AI_CUP/bounding_box_test/0004432_1016-150000-151900_0000010_acc_data.bmp,4432
AI_CUP/bounding_box_test/0004433_1016-150000-151900_0000110_acc_data.bmp,4433
AI_CUP/bounding_box_test/0004434_1016-150000-151900_0000114_acc_data.bmp,4434
AI_CUP/bounding_box_test/0004435_1016-150000-151900_0000130_acc_data.bmp,4435
AI_CUP/bounding_box_test/0004436_1016-150000-151900_0000126_acc_data.bmp,4436
AI_CUP/bounding_box_test/0004437_1016-150000-151900_0000126_acc_data.bmp,4437
AI_CUP/bounding_box_test/0004438_1016-150000-151900_0000142_acc_data.bmp,4438
AI_CUP/bounding_box_test/0004439_1016-150000-151900_0000146_acc_data.bmp,4439
AI_CUP/bounding_box_test/0004440_1016-150000-151900_0000012_acc_data.bmp,4440
AI_CUP/bounding_box_test/0004441_1016-150000-151900_0000151_acc_data.bmp,4441
AI_CUP/bounding_box_test/0004442_1016-150000-151900_0000012_acc_data.bmp,4442
AI_CUP/bounding_box_test/0004443_1016-150000-151900_0000119_acc_data.bmp,4443
AI_CUP/bounding_box_test/0004444_1016-150000-151900_0000152_acc_data.bmp,4444
AI_CUP/bounding_box_test/0004445_1016-150000-151900_0000156_acc_data.bmp,4445
AI_CUP/bounding_box_test/0004446_1016-150000-151900_0000042_acc_data.bmp,4446
AI_CUP/bounding_box_test/0004447_1016-150000-151900_0000205_acc_data.bmp,4447
AI_CUP/bounding_box_test/0004448_1016-150000-151900_0000031_acc_data.bmp,4448
AI_CUP/bounding_box_test/0004449_1016-150000-151900_0000193_acc_data.bmp,4449
AI_CUP/bounding_box_test/0004450_1016-150000-151900_0000206_acc_data.bmp,4450
AI_CUP/bounding_box_test/0004451_1016-150000-151900_0000202_acc_data.bmp,4451
AI_CUP/bounding_box_test/0004452_1016-150000-151900_0000202_acc_data.bmp,4452
AI_CUP/bounding_box_test/0004453_1016-150000-151900_0000215_acc_data.bmp,4453
AI_CUP/bounding_box_test/0004454_1016-150000-151900_0000261_acc_data.bmp,4454
AI_CUP/bounding_box_test/0004455_1016-150000-151900_0000223_acc_data.bmp,4455
AI_CUP/bounding_box_test/0004456_1016-150000-151900_0000228_acc_data.bmp,4456
AI_CUP/bounding_box_test/0004457_1016-150000-151900_0000232_acc_data.bmp,4457
AI_CUP/bounding_box_test/0004458_1016-150000-151900_0000233_acc_data.bmp,4458
AI_CUP/bounding_box_test/0004459_1016-150000-151900_0000095_acc_data.bmp,4459
AI_CUP/bounding_box_test/0004460_1016-150000-151900_0000240_acc_data.bmp,4460
AI_CUP/bounding_box_test/0004461_1016-150000-151900_0000240_acc_data.bmp,4461
AI_CUP/bounding_box_test/0004462_1016-150000-151900_0000198_acc_data.bmp,4462
AI_CUP/bounding_box_test/0004463_1016-150000-151900_0000255_acc_data.bmp,4463
AI_CUP/bounding_box_test/0004464_1016-150000-151900_0000260_acc_data.bmp,4464
AI_CUP/bounding_box_test/0004465_1016-150000-151900_0000263_acc_data.bmp,4465
AI_CUP/bounding_box_test/0004466_1016-150000-151900_0000269_acc_data.bmp,4466
AI_CUP/bounding_box_test/0004467_1016-150000-151900_0000117_acc_data.bmp,4467
AI_CUP/bounding_box_test/0004468_1016-150000-151900_0000124_acc_data.bmp,4468
AI_CUP/bounding_box_test/0004469_1016-150000-151900_0000124_acc_data.bmp,4469
AI_CUP/bounding_box_test/0004470_1016-150000-151900_0000318_acc_data.bmp,4470
AI_CUP/bounding_box_test/0004471_1016-150000-151900_0000286_acc_data.bmp,4471
AI_CUP/bounding_box_test/0004472_1016-150000-151900_0000280_acc_data.bmp,4472
AI_CUP/bounding_box_test/0004473_1016-150000-151900_0000284_acc_data.bmp,4473
AI_CUP/bounding_box_test/0004474_1016-150000-151900_0000173_acc_data.bmp,4474
AI_CUP/bounding_box_test/0004475_1016-150000-151900_0000295_acc_data.bmp,4475
AI_CUP/bounding_box_test/0004476_1016-150000-151900_0000314_acc_data.bmp,4476
AI_CUP/bounding_box_test/0004477_1016-150000-151900_0000327_acc_data.bmp,4477
AI_CUP/bounding_box_test/0004478_1016-150000-151900_0000300_acc_data.bmp,4478
AI_CUP/bounding_box_test/0004479_1016-150000-151900_0000314_acc_data.bmp,4479
AI_CUP/bounding_box_test/0004480_1016-150000-151900_0000317_acc_data.bmp,4480
AI_CUP/bounding_box_test/0004481_1016-150000-151900_0000308_acc_data.bmp,4481
AI_CUP/bounding_box_test/0004482_1016-150000-151900_0000314_acc_data.bmp,4482
AI_CUP/bounding_box_test/0004483_1016-150000-151900_0000328_acc_data.bmp,4483
AI_CUP/bounding_box_test/0004484_1016-150000-151900_0000332_acc_data.bmp,4484
AI_CUP/bounding_box_test/0004485_1016-150000-151900_0000340_acc_data.bmp,4485
AI_CUP/bounding_box_test/0004486_1016-150000-151900_0000197_acc_data.bmp,4486
AI_CUP/bounding_box_test/0004487_1016-150000-151900_0000354_acc_data.bmp,4487
AI_CUP/bounding_box_test/0004488_1016-150000-151900_0000006_acc_data.bmp,4488
AI_CUP/bounding_box_test/0004489_1016-150000-151900_0000007_acc_data.bmp,4489
AI_CUP/bounding_box_test/0004490_1016-150000-151900_0000021_acc_data.bmp,4490
AI_CUP/bounding_box_test/0004491_1016-150000-151900_0000025_acc_data.bmp,4491
AI_CUP/bounding_box_test/0004492_1016-150000-151900_0000056_acc_data.bmp,4492
AI_CUP/bounding_box_test/0004493_1016-150000-151900_0000058_acc_data.bmp,4493
AI_CUP/bounding_box_test/0004494_1016-150000-151900_0000060_acc_data.bmp,4494
AI_CUP/bounding_box_test/0004495_1016-150000-151900_0000080_acc_data.bmp,4495
AI_CUP/bounding_box_test/0004496_1016-150000-151900_0000124_acc_data.bmp,4496
AI_CUP/bounding_box_test/0004497_1016-150000-151900_0000207_acc_data.bmp,4497
AI_CUP/bounding_box_test/0004498_1016-150000-151900_0000235_acc_data.bmp,4498
AI_CUP/bounding_box_test/0004499_1016-150000-151900_0000237_acc_data.bmp,4499
AI_CUP/bounding_box_test/0004500_1016-150000-151900_0000217_acc_data.bmp,4500
AI_CUP/bounding_box_test/0004501_1016-150000-151900_0000279_acc_data.bmp,4501
AI_CUP/bounding_box_test/0004502_1016-150000-151900_0000316_acc_data.bmp,4502
AI_CUP/bounding_box_test/0004503_1016-150000-151900_0000335_acc_data.bmp,4503
AI_CUP/bounding_box_test/0004504_1016-150000-151900_0000211_acc_data.bmp,4504
AI_CUP/bounding_box_test/0004505_1016-150000-151900_0000275_acc_data.bmp,4505
AI_CUP/bounding_box_test/0004506_1016-150000-151900_0000008_acc_data.bmp,4506
AI_CUP/bounding_box_test/0004507_1016-150000-151900_0000021_acc_data.bmp,4507
AI_CUP/bounding_box_test/0004508_1016-150000-151900_0000037_acc_data.bmp,4508
AI_CUP/bounding_box_test/0004509_1016-150000-151900_0000022_acc_data.bmp,4509
AI_CUP/bounding_box_test/0004510_1016-150000-151900_0000049_acc_data.bmp,4510
AI_CUP/bounding_box_test/0004511_1016-150000-151900_0000083_acc_data.bmp,4511
AI_CUP/bounding_box_test/0004512_1016-150000-151900_0000085_acc_data.bmp,4512
AI_CUP/bounding_box_test/0004513_1016-150000-151900_0000107_acc_data.bmp,4513
AI_CUP/bounding_box_test/0004514_1016-150000-151900_0000159_acc_data.bmp,4514
AI_CUP/bounding_box_test/0004515_1016-150000-151900_0000177_acc_data.bmp,4515
AI_CUP/bounding_box_test/0004516_1016-150000-151900_0000182_acc_data.bmp,4516
AI_CUP/bounding_box_test/0004517_1016-150000-151900_0000225_acc_data.bmp,4517
AI_CUP/bounding_box_test/0004518_1016-150000-151900_0000275_acc_data.bmp,4518
AI_CUP/bounding_box_test/0004519_1016-150000-151900_0000270_acc_data.bmp,4519
AI_CUP/bounding_box_test/0004520_1016-150000-151900_0000272_acc_data.bmp,4520
AI_CUP/bounding_box_test/0004521_1016-150000-151900_0000282_acc_data.bmp,4521
AI_CUP/bounding_box_test/0004522_1016-150000-151900_0000285_acc_data.bmp,4522
AI_CUP/bounding_box_test/0004523_1016-150000-151900_0000285_acc_data.bmp,4523
AI_CUP/bounding_box_test/0004524_1016-150000-151900_0000006_acc_data.bmp,4524
AI_CUP/bounding_box_test/0004525_1016-150000-151900_0000296_acc_data.bmp,4525
AI_CUP/bounding_box_test/0004526_1016-150000-151900_0000298_acc_data.bmp,4526
AI_CUP/bounding_box_test/0004527_1016-150000-151900_0000299_acc_data.bmp,4527
AI_CUP/bounding_box_test/0004528_1016-150000-151900_0000343_acc_data.bmp,4528
AI_CUP/bounding_box_test/0004529_1016-150000-151900_0000001_acc_data.bmp,4529
AI_CUP/bounding_box_test/0004530_1016-150000-151900_0000008_acc_data.bmp,4530
AI_CUP/bounding_box_test/0004531_1016-150000-151900_0000009_acc_data.bmp,4531
AI_CUP/bounding_box_test/0004532_1016-150000-151900_0000030_acc_data.bmp,4532
AI_CUP/bounding_box_test/0004533_1016-150000-151900_0000033_acc_data.bmp,4533
AI_CUP/bounding_box_test/0004534_1016-150000-151900_0000034_acc_data.bmp,4534
AI_CUP/bounding_box_test/0004535_1016-150000-151900_0000063_acc_data.bmp,4535
AI_CUP/bounding_box_test/0004536_1016-150000-151900_0000070_acc_data.bmp,4536
AI_CUP/bounding_box_test/0004537_1016-150000-151900_0000062_acc_data.bmp,4537
AI_CUP/bounding_box_test/0004538_1016-150000-151900_0000063_acc_data.bmp,4538
AI_CUP/bounding_box_test/0004539_1016-150000-151900_0000071_acc_data.bmp,4539
AI_CUP/bounding_box_test/0004540_1016-150000-151900_0000086_acc_data.bmp,4540
AI_CUP/bounding_box_test/0004541_1016-150000-151900_0000072_acc_data.bmp,4541
AI_CUP/bounding_box_test/0004542_1016-150000-151900_0000086_acc_data.bmp,4542
AI_CUP/bounding_box_test/0004543_1016-150000-151900_0000079_acc_data.bmp,4543
AI_CUP/bounding_box_test/0004544_1016-150000-151900_0000086_acc_data.bmp,4544
AI_CUP/bounding_box_test/0004545_1016-150000-151900_0000091_acc_data.bmp,4545
AI_CUP/bounding_box_test/0004546_1016-150000-151900_0000096_acc_data.bmp,4546
AI_CUP/bounding_box_test/0004547_1016-150000-151900_0000102_acc_data.bmp,4547
AI_CUP/bounding_box_test/0004548_1016-150000-151900_0000118_acc_data.bmp,4548
AI_CUP/bounding_box_test/0004549_1016-150000-151900_0000120_acc_data.bmp,4549
AI_CUP/bounding_box_test/0004550_1016-150000-151900_0000122_acc_data.bmp,4550
AI_CUP/bounding_box_test/0004551_1016-150000-151900_0000151_acc_data.bmp,4551
AI_CUP/bounding_box_test/0004552_1016-150000-151900_0000158_acc_data.bmp,4552
AI_CUP/bounding_box_test/0004553_1016-150000-151900_0000151_acc_data.bmp,4553
AI_CUP/bounding_box_test/0004554_1016-150000-151900_0000158_acc_data.bmp,4554
AI_CUP/bounding_box_test/0004555_1016-150000-151900_0000150_acc_data.bmp,4555
AI_CUP/bounding_box_test/0004556_1016-150000-151900_0000150_acc_data.bmp,4556
AI_CUP/bounding_box_test/0004557_1016-150000-151900_0000158_acc_data.bmp,4557
AI_CUP/bounding_box_test/0004558_1016-150000-151900_0000160_acc_data.bmp,4558
AI_CUP/bounding_box_test/0004559_1016-150000-151900_0000023_acc_data.bmp,4559
AI_CUP/bounding_box_test/0004560_1016-150000-151900_0000175_acc_data.bmp,4560
AI_CUP/bounding_box_test/0004561_1016-150000-151900_0000175_acc_data.bmp,4561
AI_CUP/bounding_box_test/0004562_1016-150000-151900_0000028_acc_data.bmp,4562
AI_CUP/bounding_box_test/0004563_1016-150000-151900_0000229_acc_data.bmp,4563
AI_CUP/bounding_box_test/0004564_1016-150000-151900_0000237_acc_data.bmp,4564
AI_CUP/bounding_box_test/0004565_1016-150000-151900_0000229_acc_data.bmp,4565
AI_CUP/bounding_box_test/0004566_1016-150000-151900_0000228_acc_data.bmp,4566
AI_CUP/bounding_box_test/0004567_1016-150000-151900_0000229_acc_data.bmp,4567
AI_CUP/bounding_box_test/0004568_1016-150000-151900_0000229_acc_data.bmp,4568
AI_CUP/bounding_box_test/0004569_1016-150000-151900_0000230_acc_data.bmp,4569
AI_CUP/bounding_box_test/0004570_1016-150000-151900_0000231_acc_data.bmp,4570
AI_CUP/bounding_box_test/0004571_1016-150000-151900_0000037_acc_data.bmp,4571
AI_CUP/bounding_box_test/0004572_1016-150000-151900_0000028_acc_data.bmp,4572
AI_CUP/bounding_box_test/0004573_1016-150000-151900_0000241_acc_data.bmp,4573
AI_CUP/bounding_box_test/0004574_1016-150000-151900_0000232_acc_data.bmp,4574
AI_CUP/bounding_box_test/0004575_1016-150000-151900_0000233_acc_data.bmp,4575
AI_CUP/bounding_box_test/0004576_1016-150000-151900_0000043_acc_data.bmp,4576
AI_CUP/bounding_box_test/0004577_1016-150000-151900_0000235_acc_data.bmp,4577
AI_CUP/bounding_box_test/0004578_1016-150000-151900_0000242_acc_data.bmp,4578
AI_CUP/bounding_box_test/0004579_1016-150000-151900_0000235_acc_data.bmp,4579
AI_CUP/bounding_box_test/0004580_1016-150000-151900_0000236_acc_data.bmp,4580
AI_CUP/bounding_box_test/0004581_1016-150000-151900_0000237_acc_data.bmp,4581
AI_CUP/bounding_box_test/0004582_1016-150000-151900_0000240_acc_data.bmp,4582
AI_CUP/bounding_box_test/0004583_1016-150000-151900_0000254_acc_data.bmp,4583
AI_CUP/bounding_box_test/0004584_1016-150000-151900_0000246_acc_data.bmp,4584
AI_CUP/bounding_box_test/0004585_1016-150000-151900_0000255_acc_data.bmp,4585
AI_CUP/bounding_box_test/0004586_1016-150000-151900_0000256_acc_data.bmp,4586
AI_CUP/bounding_box_test/0004587_1016-150000-151900_0000257_acc_data.bmp,4587
AI_CUP/bounding_box_test/0004588_1016-150000-151900_0000257_acc_data.bmp,4588
AI_CUP/bounding_box_test/0004589_1016-150000-151900_0000259_acc_data.bmp,4589
AI_CUP/bounding_box_test/0004590_1016-150000-151900_0000283_acc_data.bmp,4590
AI_CUP/bounding_box_test/0004591_1016-150000-151900_0000290_acc_data.bmp,4591
AI_CUP/bounding_box_test/0004592_1016-150000-151900_0000291_acc_data.bmp,4592
AI_CUP/bounding_box_test/0004593_1016-150000-151900_0000358_acc_data.bmp,4593
AI_CUP/bounding_box_test/0004594_1016-150000-151900_0000312_acc_data.bmp,4594
AI_CUP/bounding_box_test/0004595_1016-150000-151900_0000111_acc_data.bmp,4595
AI_CUP/bounding_box_test/0004596_1016-150000-151900_0000317_acc_data.bmp,4596
AI_CUP/bounding_box_test/0004597_1016-150000-151900_0000118_acc_data.bmp,4597
AI_CUP/bounding_box_test/0004598_1016-150000-151900_0000316_acc_data.bmp,4598
AI_CUP/bounding_box_test/0004599_1016-150000-151900_0000319_acc_data.bmp,4599
AI_CUP/bounding_box_test/0004600_1016-150000-151900_0000321_acc_data.bmp,4600
AI_CUP/bounding_box_test/0004601_1016-150000-151900_0000323_acc_data.bmp,4601
AI_CUP/bounding_box_test/0004602_1016-150000-151900_0000326_acc_data.bmp,4602
AI_CUP/bounding_box_test/0004603_1016-150000-151900_0000327_acc_data.bmp,4603
AI_CUP/bounding_box_test/0004604_1016-150000-151900_0000331_acc_data.bmp,4604
AI_CUP/bounding_box_test/0004605_1016-150000-151900_0000331_acc_data.bmp,4605
AI_CUP/bounding_box_test/0004606_1016-150000-151900_0000330_acc_data.bmp,4606
AI_CUP/bounding_box_test/0004607_1016-150000-151900_0000332_acc_data.bmp,4607
AI_CUP/bounding_box_test/0004608_1016-150000-151900_0000335_acc_data.bmp,4608
AI_CUP/bounding_box_test/0004609_1016-150000-151900_0000334_acc_data.bmp,4609
AI_CUP/bounding_box_test/0004610_1016-150000-151900_0000344_acc_data.bmp,4610
AI_CUP/bounding_box_test/0004611_1016-150000-151900_0000346_acc_data.bmp,4611
AI_CUP/bounding_box_test/0004612_1016-150000-151900_0000348_acc_data.bmp,4612
AI_CUP/bounding_box_test/0004613_1016-150000-151900_0000349_acc_data.bmp,4613
AI_CUP/bounding_box_test/0004614_1016-150000-151900_0000354_acc_data.bmp,4614
AI_CUP/bounding_box_test/0004615_1016-150000-151900_0000359_acc_data.bmp,4615
AI_CUP/bounding_box_test/0004616_1016-150000-151900_0000006_acc_data.bmp,4616
AI_CUP/bounding_box_test/0004617_1016-150000-151900_0000008_acc_data.bmp,4617
AI_CUP/bounding_box_test/0004618_1016-150000-151900_0000011_acc_data.bmp,4618
AI_CUP/bounding_box_test/0004619_1016-150000-151900_0000013_acc_data.bmp,4619
AI_CUP/bounding_box_test/0004620_1016-150000-151900_0000015_acc_data.bmp,4620
AI_CUP/bounding_box_test/0004621_1016-150000-151900_0000016_acc_data.bmp,4621
AI_CUP/bounding_box_test/0004622_1016-150000-151900_0000016_acc_data.bmp,4622
AI_CUP/bounding_box_test/0004623_1016-150000-151900_0000017_acc_data.bmp,4623
AI_CUP/bounding_box_test/0004624_1016-150000-151900_0000026_acc_data.bmp,4624
AI_CUP/bounding_box_test/0004625_1016-150000-151900_0000030_acc_data.bmp,4625
AI_CUP/bounding_box_test/0004626_1016-150000-151900_0000036_acc_data.bmp,4626
AI_CUP/bounding_box_test/0004627_1016-150000-151900_0000037_acc_data.bmp,4627
AI_CUP/bounding_box_test/0004628_1016-150000-151900_0000046_acc_data.bmp,4628
AI_CUP/bounding_box_test/0004629_1016-150000-151900_0000062_acc_data.bmp,4629
AI_CUP/bounding_box_test/0004630_1016-150000-151900_0000080_acc_data.bmp,4630
AI_CUP/bounding_box_test/0004631_1016-150000-151900_0000080_acc_data.bmp,4631
AI_CUP/bounding_box_test/0004632_1016-150000-151900_0000079_acc_data.bmp,4632
AI_CUP/bounding_box_test/0004633_1016-150000-151900_0000080_acc_data.bmp,4633
AI_CUP/bounding_box_test/0004634_1016-150000-151900_0000082_acc_data.bmp,4634
AI_CUP/bounding_box_test/0004635_1016-150000-151900_0000083_acc_data.bmp,4635
AI_CUP/bounding_box_test/0004636_1016-150000-151900_0000090_acc_data.bmp,4636
AI_CUP/bounding_box_test/0004637_1016-150000-151900_0000091_acc_data.bmp,4637
AI_CUP/bounding_box_test/0004638_1016-150000-151900_0000092_acc_data.bmp,4638
AI_CUP/bounding_box_test/0004639_1016-150000-151900_0000100_acc_data.bmp,4639
AI_CUP/bounding_box_test/0004640_1016-150000-151900_0000109_acc_data.bmp,4640
AI_CUP/bounding_box_test/0004641_1016-150000-151900_0000112_acc_data.bmp,4641
AI_CUP/bounding_box_test/0004642_1016-150000-151900_0000113_acc_data.bmp,4642
AI_CUP/bounding_box_test/0004643_1016-150000-151900_0000122_acc_data.bmp,4643
AI_CUP/bounding_box_test/0004644_1016-150000-151900_0000139_acc_data.bmp,4644
AI_CUP/bounding_box_test/0004645_1016-150000-151900_0000147_acc_data.bmp,4645
AI_CUP/bounding_box_test/0004646_1016-150000-151900_0000216_acc_data.bmp,4646
AI_CUP/bounding_box_test/0004647_1016-150000-151900_0000219_acc_data.bmp,4647
AI_CUP/bounding_box_test/0004648_1016-150000-151900_0000169_acc_data.bmp,4648
AI_CUP/bounding_box_test/0004649_1016-150000-151900_0000176_acc_data.bmp,4649
AI_CUP/bounding_box_test/0004650_1016-150000-151900_0000181_acc_data.bmp,4650
AI_CUP/bounding_box_test/0004651_1016-150000-151900_0000183_acc_data.bmp,4651
AI_CUP/bounding_box_test/0004652_1016-150000-151900_0000185_acc_data.bmp,4652
AI_CUP/bounding_box_test/0004653_1016-150000-151900_0000187_acc_data.bmp,4653
AI_CUP/bounding_box_test/0004654_1016-150000-151900_0000187_acc_data.bmp,4654
AI_CUP/bounding_box_test/0004655_1016-150000-151900_0000187_acc_data.bmp,4655
AI_CUP/bounding_box_test/0004656_1016-150000-151900_0000189_acc_data.bmp,4656
AI_CUP/bounding_box_test/0004657_1016-150000-151900_0000194_acc_data.bmp,4657
AI_CUP/bounding_box_test/0004658_1016-150000-151900_0000205_acc_data.bmp,4658
AI_CUP/bounding_box_test/0004659_1016-150000-151900_0000210_acc_data.bmp,4659
AI_CUP/bounding_box_test/0004660_1016-150000-151900_0000215_acc_data.bmp,4660
AI_CUP/bounding_box_test/0004661_1016-150000-151900_0000245_acc_data.bmp,4661
AI_CUP/bounding_box_test/0004662_1016-150000-151900_0000245_acc_data.bmp,4662
AI_CUP/bounding_box_test/0004663_1016-150000-151900_0000248_acc_data.bmp,4663
AI_CUP/bounding_box_test/0004664_1016-150000-151900_0000255_acc_data.bmp,4664
AI_CUP/bounding_box_test/0004665_1016-150000-151900_0000256_acc_data.bmp,4665
AI_CUP/bounding_box_test/0004666_1016-150000-151900_0000262_acc_data.bmp,4666
AI_CUP/bounding_box_test/0004667_1016-150000-151900_0000267_acc_data.bmp,4667
AI_CUP/bounding_box_test/0004668_1016-150000-151900_0000267_acc_data.bmp,4668
AI_CUP/bounding_box_test/0004669_1016-150000-151900_0000268_acc_data.bmp,4669
AI_CUP/bounding_box_test/0004670_1016-150000-151900_0000268_acc_data.bmp,4670
AI_CUP/bounding_box_test/0004671_1016-150000-151900_0000269_acc_data.bmp,4671
AI_CUP/bounding_box_test/0004672_1016-150000-151900_0000270_acc_data.bmp,4672
AI_CUP/bounding_box_test/0004673_1016-150000-151900_0000273_acc_data.bmp,4673
AI_CUP/bounding_box_test/0004674_1016-150000-151900_0000275_acc_data.bmp,4674
AI_CUP/bounding_box_test/0004675_1016-150000-151900_0000276_acc_data.bmp,4675
AI_CUP/bounding_box_test/0004676_1016-150000-151900_0000278_acc_data.bmp,4676
AI_CUP/bounding_box_test/0004677_1016-150000-151900_0000279_acc_data.bmp,4677
AI_CUP/bounding_box_test/0004678_1016-150000-151900_0000281_acc_data.bmp,4678
AI_CUP/bounding_box_test/0004679_1016-150000-151900_0000282_acc_data.bmp,4679
AI_CUP/bounding_box_test/0004680_1016-150000-151900_0000281_acc_data.bmp,4680
AI_CUP/bounding_box_test/0004681_1016-150000-151900_0000284_acc_data.bmp,4681
AI_CUP/bounding_box_test/0004682_1016-150000-151900_0000285_acc_data.bmp,4682
AI_CUP/bounding_box_test/0004683_1016-150000-151900_0000291_acc_data.bmp,4683
AI_CUP/bounding_box_test/0004684_1016-150000-151900_0000293_acc_data.bmp,4684
AI_CUP/bounding_box_test/0004685_1016-150000-151900_0000294_acc_data.bmp,4685
AI_CUP/bounding_box_test/0004686_1016-150000-151900_0000297_acc_data.bmp,4686
AI_CUP/bounding_box_test/0004687_1016-150000-151900_0000308_acc_data.bmp,4687
AI_CUP/bounding_box_test/0004688_1016-150000-151900_0000307_acc_data.bmp,4688
AI_CUP/bounding_box_test/0004689_1016-150000-151900_0000318_acc_data.bmp,4689
AI_CUP/bounding_box_test/0004690_1016-150000-151900_0000331_acc_data.bmp,4690
AI_CUP/bounding_box_test/0004691_1016-150000-151900_0000334_acc_data.bmp,4691
AI_CUP/bounding_box_test/0004692_1016-150000-151900_0000335_acc_data.bmp,4692
AI_CUP/bounding_box_test/0004693_1016-150000-151900_0000340_acc_data.bmp,4693
AI_CUP/bounding_box_test/0004694_1016-150000-151900_0000345_acc_data.bmp,4694
AI_CUP/bounding_box_test/0004695_1016-150000-151900_0000345_acc_data.bmp,4695
AI_CUP/bounding_box_test/0004696_1016-150000-151900_0000345_acc_data.bmp,4696
AI_CUP/bounding_box_test/0004697_1016-150000-151900_0000347_acc_data.bmp,4697
AI_CUP/bounding_box_test/0004698_1016-150000-151900_0000351_acc_data.bmp,4698
AI_CUP/bounding_box_test/0004699_1016-150000-151900_0000353_acc_data.bmp,4699
AI_CUP/bounding_box_test/0004700_1016-150000-151900_0000357_acc_data.bmp,4700
AI_CUP/bounding_box_test/0004701_1016-150000-151900_0000011_acc_data.bmp,4701
AI_CUP/bounding_box_test/0004702_1016-150000-151900_0000013_acc_data.bmp,4702
AI_CUP/bounding_box_test/0004703_1016-150000-151900_0000022_acc_data.bmp,4703
AI_CUP/bounding_box_test/0004704_1016-150000-151900_0000075_acc_data.bmp,4704
AI_CUP/bounding_box_test/0004705_1016-150000-151900_0000089_acc_data.bmp,4705
AI_CUP/bounding_box_test/0004706_1016-150000-151900_0000091_acc_data.bmp,4706
AI_CUP/bounding_box_test/0004707_1016-150000-151900_0000096_acc_data.bmp,4707
AI_CUP/bounding_box_test/0004708_1016-150000-151900_0000130_acc_data.bmp,4708
AI_CUP/bounding_box_test/0004709_1016-150000-151900_0000165_acc_data.bmp,4709
AI_CUP/bounding_box_test/0004710_1016-150000-151900_0000260_acc_data.bmp,4710
AI_CUP/bounding_box_test/0004711_1016-150000-151900_0000261_acc_data.bmp,4711
AI_CUP/bounding_box_test/0004712_1016-150000-151900_0000322_acc_data.bmp,4712
AI_CUP/bounding_box_test/0004713_1016-150000-151900_0000325_acc_data.bmp,4713
AI_CUP/bounding_box_test/0004714_1016-150000-151900_0000348_acc_data.bmp,4714
AI_CUP/bounding_box_test/0004715_1016-190000-191900_0000225_acc_data.bmp,4715
AI_CUP/bounding_box_test/0004716_1016-190000-191900_0000002_acc_data.bmp,4716
AI_CUP/bounding_box_test/0004717_1016-190000-191900_0000001_acc_data.bmp,4717
AI_CUP/bounding_box_test/0004718_1016-190000-191900_0000226_acc_data.bmp,4718
AI_CUP/bounding_box_test/0004719_1016-190000-191900_0000010_acc_data.bmp,4719
AI_CUP/bounding_box_test/0004720_1016-190000-191900_0000006_acc_data.bmp,4720
AI_CUP/bounding_box_test/0004721_1016-190000-191900_0000008_acc_data.bmp,4721
AI_CUP/bounding_box_test/0004722_1016-190000-191900_0000007_acc_data.bmp,4722
AI_CUP/bounding_box_test/0004723_1016-190000-191900_0000008_acc_data.bmp,4723
AI_CUP/bounding_box_test/0004724_1016-190000-191900_0000009_acc_data.bmp,4724
AI_CUP/bounding_box_test/0004725_1016-190000-191900_0000011_acc_data.bmp,4725
AI_CUP/bounding_box_test/0004726_1016-190000-191900_0000012_acc_data.bmp,4726
AI_CUP/bounding_box_test/0004727_1016-190000-191900_0000012_acc_data.bmp,4727
AI_CUP/bounding_box_test/0004728_1016-190000-191900_0000017_acc_data.bmp,4728
AI_CUP/bounding_box_test/0004729_1016-190000-191900_0000020_acc_data.bmp,4729
AI_CUP/bounding_box_test/0004730_1016-190000-191900_0000066_acc_data.bmp,4730
AI_CUP/bounding_box_test/0004731_1016-190000-191900_0000085_acc_data.bmp,4731
AI_CUP/bounding_box_test/0004732_1016-190000-191900_0000031_acc_data.bmp,4732
AI_CUP/bounding_box_test/0004733_1016-190000-191900_0000040_acc_data.bmp,4733
AI_CUP/bounding_box_test/0004734_1016-190000-191900_0000054_acc_data.bmp,4734
AI_CUP/bounding_box_test/0004735_1016-190000-191900_0000028_acc_data.bmp,4735
AI_CUP/bounding_box_test/0004736_1016-190000-191900_0000029_acc_data.bmp,4736
AI_CUP/bounding_box_test/0004737_1016-190000-191900_0000001_acc_data.bmp,4737
AI_CUP/bounding_box_test/0004738_1016-190000-191900_0000043_acc_data.bmp,4738
AI_CUP/bounding_box_test/0004739_1016-190000-191900_0000051_acc_data.bmp,4739
AI_CUP/bounding_box_test/0004740_1016-190000-191900_0000098_acc_data.bmp,4740
AI_CUP/bounding_box_test/0004741_1016-190000-191900_0000086_acc_data.bmp,4741
AI_CUP/bounding_box_test/0004742_1016-190000-191900_0000095_acc_data.bmp,4742
AI_CUP/bounding_box_test/0004743_1016-190000-191900_0000097_acc_data.bmp,4743
AI_CUP/bounding_box_test/0004744_1016-190000-191900_0000099_acc_data.bmp,4744
AI_CUP/bounding_box_test/0004745_1016-190000-191900_0000102_acc_data.bmp,4745
AI_CUP/bounding_box_test/0004746_1016-190000-191900_0000102_acc_data.bmp,4746
AI_CUP/bounding_box_test/0004747_1016-190000-191900_0000104_acc_data.bmp,4747
AI_CUP/bounding_box_test/0004748_1016-190000-191900_0000108_acc_data.bmp,4748
AI_CUP/bounding_box_test/0004749_1016-190000-191900_0000106_acc_data.bmp,4749
AI_CUP/bounding_box_test/0004750_1016-190000-191900_0000239_acc_data.bmp,4750
AI_CUP/bounding_box_test/0004751_1016-190000-191900_0000066_acc_data.bmp,4751
AI_CUP/bounding_box_test/0004752_1016-190000-191900_0000142_acc_data.bmp,4752
AI_CUP/bounding_box_test/0004753_1016-190000-191900_0000122_acc_data.bmp,4753
AI_CUP/bounding_box_test/0004754_1016-190000-191900_0000121_acc_data.bmp,4754
AI_CUP/bounding_box_test/0004755_1016-190000-191900_0000118_acc_data.bmp,4755
AI_CUP/bounding_box_test/0004756_1016-190000-191900_0000123_acc_data.bmp,4756
AI_CUP/bounding_box_test/0004757_1016-190000-191900_0000132_acc_data.bmp,4757
AI_CUP/bounding_box_test/0004758_1016-190000-191900_0000137_acc_data.bmp,4758
AI_CUP/bounding_box_test/0004759_1016-190000-191900_0000130_acc_data.bmp,4759
AI_CUP/bounding_box_test/0004760_1016-190000-191900_0000213_acc_data.bmp,4760
AI_CUP/bounding_box_test/0004761_1016-190000-191900_0000133_acc_data.bmp,4761
AI_CUP/bounding_box_test/0004762_1016-190000-191900_0000134_acc_data.bmp,4762
AI_CUP/bounding_box_test/0004763_1016-190000-191900_0000148_acc_data.bmp,4763
AI_CUP/bounding_box_test/0004764_1016-190000-191900_0000159_acc_data.bmp,4764
AI_CUP/bounding_box_test/0004765_1016-190000-191900_0000185_acc_data.bmp,4765
AI_CUP/bounding_box_test/0004766_1016-190000-191900_0000164_acc_data.bmp,4766
AI_CUP/bounding_box_test/0004767_1016-190000-191900_0000195_acc_data.bmp,4767
AI_CUP/bounding_box_test/0004768_1016-190000-191900_0000188_acc_data.bmp,4768
AI_CUP/bounding_box_test/0004769_1016-190000-191900_0000188_acc_data.bmp,4769
AI_CUP/bounding_box_test/0004770_1016-190000-191900_0000189_acc_data.bmp,4770
AI_CUP/bounding_box_test/0004771_1016-190000-191900_0000268_acc_data.bmp,4771
AI_CUP/bounding_box_test/0004772_1016-190000-191900_0000197_acc_data.bmp,4772
AI_CUP/bounding_box_test/0004773_1016-190000-191900_0000197_acc_data.bmp,4773
AI_CUP/bounding_box_test/0004774_1016-190000-191900_0000199_acc_data.bmp,4774
AI_CUP/bounding_box_test/0004775_1016-190000-191900_0000208_acc_data.bmp,4775
AI_CUP/bounding_box_test/0004776_1016-190000-191900_0000209_acc_data.bmp,4776
AI_CUP/bounding_box_test/0004777_1016-190000-191900_0000259_acc_data.bmp,4777
AI_CUP/bounding_box_test/0004778_1016-190000-191900_0000225_acc_data.bmp,4778
AI_CUP/bounding_box_test/0004779_1016-190000-191900_0000227_acc_data.bmp,4779
AI_CUP/bounding_box_test/0004780_1016-190000-191900_0000223_acc_data.bmp,4780
AI_CUP/bounding_box_test/0004781_1016-190000-191900_0000228_acc_data.bmp,4781
AI_CUP/bounding_box_test/0004782_1016-190000-191900_0000226_acc_data.bmp,4782
AI_CUP/bounding_box_test/0004783_1016-190000-191900_0000225_acc_data.bmp,4783
AI_CUP/bounding_box_test/0004784_1016-190000-191900_0000233_acc_data.bmp,4784
AI_CUP/bounding_box_test/0004785_1016-190000-191900_0000234_acc_data.bmp,4785
AI_CUP/bounding_box_test/0004786_1016-190000-191900_0000275_acc_data.bmp,4786
AI_CUP/bounding_box_test/0004787_1016-190000-191900_0000254_acc_data.bmp,4787
AI_CUP/bounding_box_test/0004788_1016-190000-191900_0000258_acc_data.bmp,4788
AI_CUP/bounding_box_test/0004789_1016-190000-191900_0000261_acc_data.bmp,4789
AI_CUP/bounding_box_test/0004790_1016-190000-191900_0000283_acc_data.bmp,4790
AI_CUP/bounding_box_test/0004791_1016-190000-191900_0000278_acc_data.bmp,4791
AI_CUP/bounding_box_test/0004792_1016-190000-191900_0000278_acc_data.bmp,4792
AI_CUP/bounding_box_test/0004793_1016-190000-191900_0000283_acc_data.bmp,4793
AI_CUP/bounding_box_test/0004794_1016-190000-191900_0000289_acc_data.bmp,4794
AI_CUP/bounding_box_test/0004795_1016-190000-191900_0000290_acc_data.bmp,4795
AI_CUP/bounding_box_test/0004796_1016-190000-191900_0000302_acc_data.bmp,4796
AI_CUP/bounding_box_test/0004797_1016-190000-191900_0000292_acc_data.bmp,4797
AI_CUP/bounding_box_test/0004798_1016-190000-191900_0000301_acc_data.bmp,4798
AI_CUP/bounding_box_test/0004799_1016-190000-191900_0000311_acc_data.bmp,4799
AI_CUP/bounding_box_test/0004800_1016-190000-191900_0000315_acc_data.bmp,4800
AI_CUP/bounding_box_test/0004801_1016-190000-191900_0000312_acc_data.bmp,4801
AI_CUP/bounding_box_test/0004802_1016-190000-191900_0000323_acc_data.bmp,4802
AI_CUP/bounding_box_test/0004803_1016-190000-191900_0000314_acc_data.bmp,4803
AI_CUP/bounding_box_test/0004804_1016-190000-191900_0000321_acc_data.bmp,4804
AI_CUP/bounding_box_test/0004805_1016-190000-191900_0000315_acc_data.bmp,4805
AI_CUP/bounding_box_test/0004806_1016-190000-191900_0000005_acc_data.bmp,4806
AI_CUP/bounding_box_test/0004807_1016-190000-191900_0000005_acc_data.bmp,4807
AI_CUP/bounding_box_test/0004808_1016-190000-191900_0000007_acc_data.bmp,4808
AI_CUP/bounding_box_test/0004809_1016-190000-191900_0000011_acc_data.bmp,4809
AI_CUP/bounding_box_test/0004810_1016-190000-191900_0000144_acc_data.bmp,4810
AI_CUP/bounding_box_test/0004811_1016-190000-191900_0000023_acc_data.bmp,4811
AI_CUP/bounding_box_test/0004812_1016-190000-191900_0000044_acc_data.bmp,4812
AI_CUP/bounding_box_test/0004813_1016-190000-191900_0000046_acc_data.bmp,4813
AI_CUP/bounding_box_test/0004814_1016-190000-191900_0000050_acc_data.bmp,4814
AI_CUP/bounding_box_test/0004815_1016-190000-191900_0000056_acc_data.bmp,4815
AI_CUP/bounding_box_test/0004816_1016-190000-191900_0000059_acc_data.bmp,4816
AI_CUP/bounding_box_test/0004817_1016-190000-191900_0000062_acc_data.bmp,4817
AI_CUP/bounding_box_test/0004818_1016-190000-191900_0000064_acc_data.bmp,4818
AI_CUP/bounding_box_test/0004819_1016-190000-191900_0000070_acc_data.bmp,4819
AI_CUP/bounding_box_test/0004820_1016-190000-191900_0000091_acc_data.bmp,4820
AI_CUP/bounding_box_test/0004821_1016-190000-191900_0000094_acc_data.bmp,4821
AI_CUP/bounding_box_test/0004822_1016-190000-191900_0000097_acc_data.bmp,4822
AI_CUP/bounding_box_test/0004823_1016-190000-191900_0000116_acc_data.bmp,4823
AI_CUP/bounding_box_test/0004824_1016-190000-191900_0000118_acc_data.bmp,4824
AI_CUP/bounding_box_test/0004825_1016-190000-191900_0000125_acc_data.bmp,4825
AI_CUP/bounding_box_test/0004826_1016-190000-191900_0000125_acc_data.bmp,4826
AI_CUP/bounding_box_test/0004827_1016-190000-191900_0000126_acc_data.bmp,4827
AI_CUP/bounding_box_test/0004828_1016-190000-191900_0000127_acc_data.bmp,4828
AI_CUP/bounding_box_test/0004829_1016-190000-191900_0000130_acc_data.bmp,4829
AI_CUP/bounding_box_test/0004830_1016-190000-191900_0000133_acc_data.bmp,4830
AI_CUP/bounding_box_test/0004831_1016-190000-191900_0000134_acc_data.bmp,4831
AI_CUP/bounding_box_test/0004832_1016-190000-191900_0000136_acc_data.bmp,4832
AI_CUP/bounding_box_test/0004833_1016-190000-191900_0000139_acc_data.bmp,4833
AI_CUP/bounding_box_test/0004834_1016-190000-191900_0000160_acc_data.bmp,4834
AI_CUP/bounding_box_test/0004835_1016-190000-191900_0000161_acc_data.bmp,4835
AI_CUP/bounding_box_test/0004836_1016-190000-191900_0000164_acc_data.bmp,4836
AI_CUP/bounding_box_test/0004837_1016-190000-191900_0000167_acc_data.bmp,4837
AI_CUP/bounding_box_test/0004838_1016-190000-191900_0000178_acc_data.bmp,4838
AI_CUP/bounding_box_test/0004839_1016-190000-191900_0000173_acc_data.bmp,4839
AI_CUP/bounding_box_test/0004840_1016-190000-191900_0000176_acc_data.bmp,4840
AI_CUP/bounding_box_test/0004841_1016-190000-191900_0000204_acc_data.bmp,4841
AI_CUP/bounding_box_test/0004842_1016-190000-191900_0000207_acc_data.bmp,4842
AI_CUP/bounding_box_test/0004843_1016-190000-191900_0000209_acc_data.bmp,4843
AI_CUP/bounding_box_test/0004844_1016-190000-191900_0000211_acc_data.bmp,4844
AI_CUP/bounding_box_test/0004845_1016-190000-191900_0000215_acc_data.bmp,4845
AI_CUP/bounding_box_test/0004846_1016-190000-191900_0000217_acc_data.bmp,4846
AI_CUP/bounding_box_test/0004847_1016-190000-191900_0000217_acc_data.bmp,4847
AI_CUP/bounding_box_test/0004848_1016-190000-191900_0000220_acc_data.bmp,4848
AI_CUP/bounding_box_test/0004849_1016-190000-191900_0000222_acc_data.bmp,4849
AI_CUP/bounding_box_test/0004850_1016-190000-191900_0000222_acc_data.bmp,4850
AI_CUP/bounding_box_test/0004851_1016-190000-191900_0000253_acc_data.bmp,4851
AI_CUP/bounding_box_test/0004852_1016-190000-191900_0000253_acc_data.bmp,4852
AI_CUP/bounding_box_test/0004853_1016-190000-191900_0000254_acc_data.bmp,4853
AI_CUP/bounding_box_test/0004854_1016-190000-191900_0000260_acc_data.bmp,4854
AI_CUP/bounding_box_test/0004855_1016-190000-191900_0000260_acc_data.bmp,4855
AI_CUP/bounding_box_test/0004856_1016-190000-191900_0000266_acc_data.bmp,4856
AI_CUP/bounding_box_test/0004857_1016-190000-191900_0000307_acc_data.bmp,4857
AI_CUP/bounding_box_test/0004858_1016-190000-191900_0000302_acc_data.bmp,4858
AI_CUP/bounding_box_test/0004859_1016-190000-191900_0000313_acc_data.bmp,4859
AI_CUP/bounding_box_test/0004860_1016-190000-191900_0000318_acc_data.bmp,4860
AI_CUP/bounding_box_test/0004861_1016-190000-191900_0000318_acc_data.bmp,4861
AI_CUP/bounding_box_test/0004862_1016-190000-191900_0000320_acc_data.bmp,4862
AI_CUP/bounding_box_test/0004863_1016-190000-191900_0000323_acc_data.bmp,4863
AI_CUP/bounding_box_test/0004864_1016-190000-191900_0000323_acc_data.bmp,4864
AI_CUP/bounding_box_test/0004865_1016-190000-191900_0000324_acc_data.bmp,4865
AI_CUP/bounding_box_test/0004866_1016-190000-191900_0000325_acc_data.bmp,4866
AI_CUP/bounding_box_test/0004867_1016-190000-191900_0000328_acc_data.bmp,4867
AI_CUP/bounding_box_test/0004868_1016-190000-191900_0000328_acc_data.bmp,4868
AI_CUP/bounding_box_test/0004869_1016-190000-191900_0000330_acc_data.bmp,4869
AI_CUP/bounding_box_test/0004870_1016-190000-191900_0000332_acc_data.bmp,4870
AI_CUP/bounding_box_test/0004871_1016-190000-191900_0000348_acc_data.bmp,4871
AI_CUP/bounding_box_test/0004872_1016-190000-191900_0000351_acc_data.bmp,4872
AI_CUP/bounding_box_test/0004873_1016-190000-191900_0000358_acc_data.bmp,4873
AI_CUP/bounding_box_test/0004874_1016-190000-191900_0000011_acc_data.bmp,4874
AI_CUP/bounding_box_test/0004875_1016-190000-191900_0000001_acc_data.bmp,4875
AI_CUP/bounding_box_test/0004876_1016-190000-191900_0000002_acc_data.bmp,4876
AI_CUP/bounding_box_test/0004877_1016-190000-191900_0000002_acc_data.bmp,4877
AI_CUP/bounding_box_test/0004878_1016-190000-191900_0000001_acc_data.bmp,4878
AI_CUP/bounding_box_test/0004879_1016-190000-191900_0000011_acc_data.bmp,4879
AI_CUP/bounding_box_test/0004880_1016-190000-191900_0000002_acc_data.bmp,4880
AI_CUP/bounding_box_test/0004881_1016-190000-191900_0000011_acc_data.bmp,4881
AI_CUP/bounding_box_test/0004882_1016-190000-191900_0000014_acc_data.bmp,4882
AI_CUP/bounding_box_test/0004883_1016-190000-191900_0000032_acc_data.bmp,4883
AI_CUP/bounding_box_test/0004884_1016-190000-191900_0000039_acc_data.bmp,4884
AI_CUP/bounding_box_test/0004885_1016-190000-191900_0000049_acc_data.bmp,4885
AI_CUP/bounding_box_test/0004886_1016-190000-191900_0000094_acc_data.bmp,4886
AI_CUP/bounding_box_test/0004887_1016-190000-191900_0000075_acc_data.bmp,4887
AI_CUP/bounding_box_test/0004888_1016-190000-191900_0000067_acc_data.bmp,4888
AI_CUP/bounding_box_test/0004889_1016-190000-191900_0000074_acc_data.bmp,4889
AI_CUP/bounding_box_test/0004890_1016-190000-191900_0000107_acc_data.bmp,4890
AI_CUP/bounding_box_test/0004891_1016-190000-191900_0000098_acc_data.bmp,4891
AI_CUP/bounding_box_test/0004892_1016-190000-191900_0000128_acc_data.bmp,4892
AI_CUP/bounding_box_test/0004893_1016-190000-191900_0000127_acc_data.bmp,4893
AI_CUP/bounding_box_test/0004894_1016-190000-191900_0000126_acc_data.bmp,4894
AI_CUP/bounding_box_test/0004895_1016-190000-191900_0000129_acc_data.bmp,4895
AI_CUP/bounding_box_test/0004896_1016-190000-191900_0000129_acc_data.bmp,4896
AI_CUP/bounding_box_test/0004897_1016-190000-191900_0000132_acc_data.bmp,4897
AI_CUP/bounding_box_test/0004898_1016-190000-191900_0000137_acc_data.bmp,4898
AI_CUP/bounding_box_test/0004899_1016-190000-191900_0000144_acc_data.bmp,4899
AI_CUP/bounding_box_test/0004900_1016-190000-191900_0000139_acc_data.bmp,4900
AI_CUP/bounding_box_test/0004901_1016-190000-191900_0000141_acc_data.bmp,4901
AI_CUP/bounding_box_test/0004902_1016-190000-191900_0000144_acc_data.bmp,4902
AI_CUP/bounding_box_test/0004903_1016-190000-191900_0000152_acc_data.bmp,4903
AI_CUP/bounding_box_test/0004904_1016-190000-191900_0000186_acc_data.bmp,4904
AI_CUP/bounding_box_test/0004905_1016-190000-191900_0000170_acc_data.bmp,4905
AI_CUP/bounding_box_test/0004906_1016-190000-191900_0000180_acc_data.bmp,4906
AI_CUP/bounding_box_test/0004907_1016-190000-191900_0000200_acc_data.bmp,4907
AI_CUP/bounding_box_test/0004908_1016-190000-191900_0000205_acc_data.bmp,4908
AI_CUP/bounding_box_test/0004909_1016-190000-191900_0000210_acc_data.bmp,4909
AI_CUP/bounding_box_test/0004910_1016-190000-191900_0000241_acc_data.bmp,4910
AI_CUP/bounding_box_test/0004911_1016-190000-191900_0000279_acc_data.bmp,4911
AI_CUP/bounding_box_test/0004912_1016-190000-191900_0000278_acc_data.bmp,4912
AI_CUP/bounding_box_test/0004913_1016-190000-191900_0000276_acc_data.bmp,4913
AI_CUP/bounding_box_test/0004914_1016-190000-191900_0000244_acc_data.bmp,4914
AI_CUP/bounding_box_test/0004915_1016-190000-191900_0000244_acc_data.bmp,4915
AI_CUP/bounding_box_test/0004916_1016-190000-191900_0000245_acc_data.bmp,4916
AI_CUP/bounding_box_test/0004917_1016-190000-191900_0000248_acc_data.bmp,4917
AI_CUP/bounding_box_test/0004918_1016-190000-191900_0000262_acc_data.bmp,4918
AI_CUP/bounding_box_test/0004919_1016-190000-191900_0000255_acc_data.bmp,4919
AI_CUP/bounding_box_test/0004920_1016-190000-191900_0000256_acc_data.bmp,4920
AI_CUP/bounding_box_test/0004921_1016-190000-191900_0000266_acc_data.bmp,4921
AI_CUP/bounding_box_test/0004922_1016-190000-191900_0000279_acc_data.bmp,4922
AI_CUP/bounding_box_test/0004923_1016-190000-191900_0000281_acc_data.bmp,4923
AI_CUP/bounding_box_test/0004924_1016-190000-191900_0000287_acc_data.bmp,4924
AI_CUP/bounding_box_test/0004925_1016-190000-191900_0000360_acc_data.bmp,4925
AI_CUP/bounding_box_test/0004926_1016-190000-191900_0000360_acc_data.bmp,4926
AI_CUP/bounding_box_test/0004927_1016-190000-191900_0000336_acc_data.bmp,4927
AI_CUP/bounding_box_test/0004928_1016-190000-191900_0000350_acc_data.bmp,4928
AI_CUP/bounding_box_test/0004929_1016-190000-191900_0000341_acc_data.bmp,4929
AI_CUP/bounding_box_test/0004930_1016-190000-191900_0000355_acc_data.bmp,4930
AI_CUP/bounding_box_test/0004931_1016-190000-191900_0000359_acc_data.bmp,4931
AI_CUP/bounding_box_test/0004932_1016-190000-191900_0000001_acc_data.bmp,4932
AI_CUP/bounding_box_test/0004933_1016-190000-191900_0000014_acc_data.bmp,4933
AI_CUP/bounding_box_test/0004934_1016-190000-191900_0000010_acc_data.bmp,4934
AI_CUP/bounding_box_test/0004935_1016-190000-191900_0000020_acc_data.bmp,4935
AI_CUP/bounding_box_test/0004936_1016-190000-191900_0000022_acc_data.bmp,4936
AI_CUP/bounding_box_test/0004937_1016-190000-191900_0000025_acc_data.bmp,4937
AI_CUP/bounding_box_test/0004938_1016-190000-191900_0000026_acc_data.bmp,4938
AI_CUP/bounding_box_test/0004939_1016-190000-191900_0000039_acc_data.bmp,4939
AI_CUP/bounding_box_test/0004940_1016-190000-191900_0000047_acc_data.bmp,4940
AI_CUP/bounding_box_test/0004941_1016-190000-191900_0000053_acc_data.bmp,4941
AI_CUP/bounding_box_test/0004942_1016-190000-191900_0000089_acc_data.bmp,4942
AI_CUP/bounding_box_test/0004943_1016-190000-191900_0000077_acc_data.bmp,4943
AI_CUP/bounding_box_test/0004944_1016-190000-191900_0000098_acc_data.bmp,4944
AI_CUP/bounding_box_test/0004945_1016-190000-191900_0000100_acc_data.bmp,4945
AI_CUP/bounding_box_test/0004946_1016-190000-191900_0000101_acc_data.bmp,4946
AI_CUP/bounding_box_test/0004947_1016-190000-191900_0000101_acc_data.bmp,4947
AI_CUP/bounding_box_test/0004948_1016-190000-191900_0000105_acc_data.bmp,4948
AI_CUP/bounding_box_test/0004949_1016-190000-191900_0000107_acc_data.bmp,4949
AI_CUP/bounding_box_test/0004950_1016-190000-191900_0000109_acc_data.bmp,4950
AI_CUP/bounding_box_test/0004951_1016-190000-191900_0000070_acc_data.bmp,4951
AI_CUP/bounding_box_test/0004952_1016-190000-191900_0000111_acc_data.bmp,4952
AI_CUP/bounding_box_test/0004953_1016-190000-191900_0000114_acc_data.bmp,4953
AI_CUP/bounding_box_test/0004954_1016-190000-191900_0000124_acc_data.bmp,4954
AI_CUP/bounding_box_test/0004955_1016-190000-191900_0000125_acc_data.bmp,4955
AI_CUP/bounding_box_test/0004956_1016-190000-191900_0000131_acc_data.bmp,4956
AI_CUP/bounding_box_test/0004957_1016-190000-191900_0000137_acc_data.bmp,4957
AI_CUP/bounding_box_test/0004958_1016-190000-191900_0000146_acc_data.bmp,4958
AI_CUP/bounding_box_test/0004959_1016-190000-191900_0000152_acc_data.bmp,4959
AI_CUP/bounding_box_test/0004960_1016-190000-191900_0000175_acc_data.bmp,4960
AI_CUP/bounding_box_test/0004961_1016-190000-191900_0000223_acc_data.bmp,4961
AI_CUP/bounding_box_test/0004962_1016-190000-191900_0000229_acc_data.bmp,4962
AI_CUP/bounding_box_test/0004963_1016-190000-191900_0000231_acc_data.bmp,4963
AI_CUP/bounding_box_test/0004964_1016-190000-191900_0000234_acc_data.bmp,4964
AI_CUP/bounding_box_test/0004965_1016-190000-191900_0000235_acc_data.bmp,4965
AI_CUP/bounding_box_test/0004966_1016-190000-191900_0000236_acc_data.bmp,4966
AI_CUP/bounding_box_test/0004967_1016-190000-191900_0000314_acc_data.bmp,4967
AI_CUP/bounding_box_test/0004968_1016-190000-191900_0000321_acc_data.bmp,4968
AI_CUP/bounding_box_test/0004969_1016-190000-191900_0000343_acc_data.bmp,4969
AI_CUP/bounding_box_test/0004970_1016-190000-191900_0000357_acc_data.bmp,4970
AI_CUP/bounding_box_test/0004971_1016-190000-191900_0000357_acc_data.bmp,4971
AI_CUP/bounding_box_test/0004972_1016-190000-191900_0000027_acc_data.bmp,4972
AI_CUP/bounding_box_test/0004973_1016-190000-191900_0000024_acc_data.bmp,4973
AI_CUP/bounding_box_test/0004974_1016-190000-191900_0000044_acc_data.bmp,4974
AI_CUP/bounding_box_test/0004975_1016-190000-191900_0000052_acc_data.bmp,4975
AI_CUP/bounding_box_test/0004976_1016-190000-191900_0000055_acc_data.bmp,4976
AI_CUP/bounding_box_test/0004977_1016-190000-191900_0000125_acc_data.bmp,4977
AI_CUP/bounding_box_test/0004978_1016-190000-191900_0000145_acc_data.bmp,4978
AI_CUP/bounding_box_test/0004979_1016-190000-191900_0000133_acc_data.bmp,4979
AI_CUP/bounding_box_test/0004980_1016-190000-191900_0000167_acc_data.bmp,4980
AI_CUP/bounding_box_test/0004981_1016-190000-191900_0000142_acc_data.bmp,4981
AI_CUP/bounding_box_test/0004982_1016-190000-191900_0000142_acc_data.bmp,4982
AI_CUP/bounding_box_test/0004983_1016-190000-191900_0000147_acc_data.bmp,4983
AI_CUP/bounding_box_test/0004984_1016-190000-191900_0000158_acc_data.bmp,4984
AI_CUP/bounding_box_test/0004985_1016-190000-191900_0000174_acc_data.bmp,4985
AI_CUP/bounding_box_test/0004986_1016-190000-191900_0000202_acc_data.bmp,4986
AI_CUP/bounding_box_test/0004987_1016-190000-191900_0000206_acc_data.bmp,4987
AI_CUP/bounding_box_test/0004988_1016-190000-191900_0000218_acc_data.bmp,4988
AI_CUP/bounding_box_test/0004989_1016-190000-191900_0000220_acc_data.bmp,4989
AI_CUP/bounding_box_test/0004990_1016-190000-191900_0000223_acc_data.bmp,4990
AI_CUP/bounding_box_test/0004991_1016-190000-191900_0000223_acc_data.bmp,4991
AI_CUP/bounding_box_test/0004992_1016-190000-191900_0000226_acc_data.bmp,4992
AI_CUP/bounding_box_test/0004993_1016-190000-191900_0000228_acc_data.bmp,4993
AI_CUP/bounding_box_test/0004994_1016-190000-191900_0000230_acc_data.bmp,4994
AI_CUP/bounding_box_test/0004995_1016-190000-191900_0000229_acc_data.bmp,4995
AI_CUP/bounding_box_test/0004996_1016-190000-191900_0000230_acc_data.bmp,4996
AI_CUP/bounding_box_test/0004997_1016-190000-191900_0000235_acc_data.bmp,4997
AI_CUP/bounding_box_test/0004998_1016-190000-191900_0000245_acc_data.bmp,4998
AI_CUP/bounding_box_test/0004999_1016-190000-191900_0000231_acc_data.bmp,4999
AI_CUP/bounding_box_test/0005000_1016-190000-191900_0000250_acc_data.bmp,5000
AI_CUP/bounding_box_test/0005001_1016-190000-191900_0000251_acc_data.bmp,5001
AI_CUP/bounding_box_test/0005002_1016-190000-191900_0000271_acc_data.bmp,5002
AI_CUP/bounding_box_test/0005003_1016-190000-191900_0000306_acc_data.bmp,5003
AI_CUP/bounding_box_test/0005004_1016-190000-191900_0000326_acc_data.bmp,5004
AI_CUP/bounding_box_test/0005005_1016-190000-191900_0000312_acc_data.bmp,5005
AI_CUP/bounding_box_test/0005006_1016-190000-191900_0000314_acc_data.bmp,5006
AI_CUP/bounding_box_test/0005007_1016-190000-191900_0000339_acc_data.bmp,5007
AI_CUP/bounding_box_test/0005008_1016-190000-191900_0000347_acc_data.bmp,5008
AI_CUP/bounding_box_test/0005009_1016-190000-191900_0000346_acc_data.bmp,5009
AI_CUP/bounding_box_test/0005010_1016-190000-191900_0000353_acc_data.bmp,5010
AI_CUP/bounding_box_test/0005011_1016-190000-191900_0000357_acc_data.bmp,5011
AI_CUP/bounding_box_test/0005012_1016-190000-191900_0000360_acc_data.bmp,5012
AI_CUP/bounding_box_test/0005013_1016-190000-191900_0000002_acc_data.bmp,5013
AI_CUP/bounding_box_test/0005014_1016-190000-191900_0000009_acc_data.bmp,5014
AI_CUP/bounding_box_test/0005015_1016-190000-191900_0000021_acc_data.bmp,5015
AI_CUP/bounding_box_test/0005016_1016-190000-191900_0000021_acc_data.bmp,5016
AI_CUP/bounding_box_test/0005017_1016-190000-191900_0000023_acc_data.bmp,5017
AI_CUP/bounding_box_test/0005018_1016-190000-191900_0000023_acc_data.bmp,5018
AI_CUP/bounding_box_test/0005019_1016-190000-191900_0000023_acc_data.bmp,5019
AI_CUP/bounding_box_test/0005020_1016-190000-191900_0000025_acc_data.bmp,5020
AI_CUP/bounding_box_test/0005021_1016-190000-191900_0000025_acc_data.bmp,5021
AI_CUP/bounding_box_test/0005022_1016-190000-191900_0000027_acc_data.bmp,5022
AI_CUP/bounding_box_test/0005023_1016-190000-191900_0000034_acc_data.bmp,5023
AI_CUP/bounding_box_test/0005024_1016-190000-191900_0000092_acc_data.bmp,5024
AI_CUP/bounding_box_test/0005025_1016-190000-191900_0000041_acc_data.bmp,5025
AI_CUP/bounding_box_test/0005026_1016-190000-191900_0000035_acc_data.bmp,5026
AI_CUP/bounding_box_test/0005027_1016-190000-191900_0000041_acc_data.bmp,5027
AI_CUP/bounding_box_test/0005028_1016-190000-191900_0000042_acc_data.bmp,5028
AI_CUP/bounding_box_test/0005029_1016-190000-191900_0000052_acc_data.bmp,5029
AI_CUP/bounding_box_test/0005030_1016-190000-191900_0000054_acc_data.bmp,5030
AI_CUP/bounding_box_test/0005031_1016-190000-191900_0000106_acc_data.bmp,5031
AI_CUP/bounding_box_test/0005032_1016-190000-191900_0000133_acc_data.bmp,5032
AI_CUP/bounding_box_test/0005033_1016-190000-191900_0000115_acc_data.bmp,5033
AI_CUP/bounding_box_test/0005034_1016-190000-191900_0000109_acc_data.bmp,5034
AI_CUP/bounding_box_test/0005035_1016-190000-191900_0000109_acc_data.bmp,5035
AI_CUP/bounding_box_test/0005036_1016-190000-191900_0000171_acc_data.bmp,5036
AI_CUP/bounding_box_test/0005037_1016-190000-191900_0000111_acc_data.bmp,5037
AI_CUP/bounding_box_test/0005038_1016-190000-191900_0000110_acc_data.bmp,5038
AI_CUP/bounding_box_test/0005039_1016-190000-191900_0000120_acc_data.bmp,5039
AI_CUP/bounding_box_test/0005040_1016-190000-191900_0000203_acc_data.bmp,5040
AI_CUP/bounding_box_test/0005041_1016-190000-191900_0000113_acc_data.bmp,5041
AI_CUP/bounding_box_test/0005042_1016-190000-191900_0000113_acc_data.bmp,5042
AI_CUP/bounding_box_test/0005043_1016-190000-191900_0000114_acc_data.bmp,5043
AI_CUP/bounding_box_test/0005044_1016-190000-191900_0000116_acc_data.bmp,5044
AI_CUP/bounding_box_test/0005045_1016-190000-191900_0000116_acc_data.bmp,5045
AI_CUP/bounding_box_test/0005046_1016-190000-191900_0000119_acc_data.bmp,5046
AI_CUP/bounding_box_test/0005047_1016-190000-191900_0000119_acc_data.bmp,5047
AI_CUP/bounding_box_test/0005048_1016-190000-191900_0000122_acc_data.bmp,5048
AI_CUP/bounding_box_test/0005049_1016-190000-191900_0000124_acc_data.bmp,5049
AI_CUP/bounding_box_test/0005050_1016-190000-191900_0000125_acc_data.bmp,5050
AI_CUP/bounding_box_test/0005051_1016-190000-191900_0000136_acc_data.bmp,5051
AI_CUP/bounding_box_test/0005052_1016-190000-191900_0000136_acc_data.bmp,5052
AI_CUP/bounding_box_test/0005053_1016-190000-191900_0000137_acc_data.bmp,5053
AI_CUP/bounding_box_test/0005054_1016-190000-191900_0000161_acc_data.bmp,5054
AI_CUP/bounding_box_test/0005055_1016-190000-191900_0000141_acc_data.bmp,5055
AI_CUP/bounding_box_test/0005056_1016-190000-191900_0000146_acc_data.bmp,5056
AI_CUP/bounding_box_test/0005057_1016-190000-191900_0000147_acc_data.bmp,5057
AI_CUP/bounding_box_test/0005058_1016-190000-191900_0000150_acc_data.bmp,5058
AI_CUP/bounding_box_test/0005059_1016-190000-191900_0000161_acc_data.bmp,5059
AI_CUP/bounding_box_test/0005060_1016-190000-191900_0000193_acc_data.bmp,5060
AI_CUP/bounding_box_test/0005061_1016-190000-191900_0000200_acc_data.bmp,5061
AI_CUP/bounding_box_test/0005062_1016-190000-191900_0000195_acc_data.bmp,5062
AI_CUP/bounding_box_test/0005063_1016-190000-191900_0000228_acc_data.bmp,5063
AI_CUP/bounding_box_test/0005064_1016-190000-191900_0000201_acc_data.bmp,5064
AI_CUP/bounding_box_test/0005065_1016-190000-191900_0000201_acc_data.bmp,5065
AI_CUP/bounding_box_test/0005066_1016-190000-191900_0000204_acc_data.bmp,5066
AI_CUP/bounding_box_test/0005067_1016-190000-191900_0000205_acc_data.bmp,5067
AI_CUP/bounding_box_test/0005068_1016-190000-191900_0000220_acc_data.bmp,5068
AI_CUP/bounding_box_test/0005069_1016-190000-191900_0000223_acc_data.bmp,5069
AI_CUP/bounding_box_test/0005070_1016-190000-191900_0000223_acc_data.bmp,5070
AI_CUP/bounding_box_test/0005071_1016-190000-191900_0000223_acc_data.bmp,5071
AI_CUP/bounding_box_test/0005072_1016-190000-191900_0000247_acc_data.bmp,5072
AI_CUP/bounding_box_test/0005073_1016-190000-191900_0000251_acc_data.bmp,5073
AI_CUP/bounding_box_test/0005074_1016-190000-191900_0000277_acc_data.bmp,5074
AI_CUP/bounding_box_test/0005075_1016-190000-191900_0000287_acc_data.bmp,5075
AI_CUP/bounding_box_test/0005076_1016-190000-191900_0000279_acc_data.bmp,5076
AI_CUP/bounding_box_test/0005077_1016-190000-191900_0000279_acc_data.bmp,5077
AI_CUP/bounding_box_test/0005078_1016-190000-191900_0000291_acc_data.bmp,5078
AI_CUP/bounding_box_test/0005079_1016-190000-191900_0000293_acc_data.bmp,5079
AI_CUP/bounding_box_test/0005080_1016-190000-191900_0000288_acc_data.bmp,5080
AI_CUP/bounding_box_test/0005081_1016-190000-191900_0000287_acc_data.bmp,5081
AI_CUP/bounding_box_test/0005082_1016-190000-191900_0000306_acc_data.bmp,5082
AI_CUP/bounding_box_test/0005083_1016-190000-191900_0000329_acc_data.bmp,5083
AI_CUP/bounding_box_test/0005084_1016-190000-191900_0000360_acc_data.bmp,5084
AI_CUP/bounding_box_test/0005085_1016-190000-191900_0000001_acc_data.bmp,5085
AI_CUP/bounding_box_test/0005086_1016-190000-191900_0000016_acc_data.bmp,5086
AI_CUP/bounding_box_test/0005087_1016-190000-191900_0000009_acc_data.bmp,5087
AI_CUP/bounding_box_test/0005088_1016-190000-191900_0000010_acc_data.bmp,5088
AI_CUP/bounding_box_test/0005089_1016-190000-191900_0000006_acc_data.bmp,5089
AI_CUP/bounding_box_test/0005090_1016-190000-191900_0000006_acc_data.bmp,5090
AI_CUP/bounding_box_test/0005091_1016-190000-191900_0000010_acc_data.bmp,5091
AI_CUP/bounding_box_test/0005092_1016-190000-191900_0000026_acc_data.bmp,5092
AI_CUP/bounding_box_test/0005093_1016-190000-191900_0000018_acc_data.bmp,5093
AI_CUP/bounding_box_test/0005094_1016-190000-191900_0000104_acc_data.bmp,5094
AI_CUP/bounding_box_test/0005095_1016-190000-191900_0000026_acc_data.bmp,5095
AI_CUP/bounding_box_test/0005096_1016-190000-191900_0000055_acc_data.bmp,5096
AI_CUP/bounding_box_test/0005097_1016-190000-191900_0000067_acc_data.bmp,5097
AI_CUP/bounding_box_test/0005098_1016-190000-191900_0000061_acc_data.bmp,5098
AI_CUP/bounding_box_test/0005099_1016-190000-191900_0000063_acc_data.bmp,5099
AI_CUP/bounding_box_test/0005100_1016-190000-191900_0000063_acc_data.bmp,5100
AI_CUP/bounding_box_test/0005101_1016-190000-191900_0000065_acc_data.bmp,5101
AI_CUP/bounding_box_test/0005102_1016-190000-191900_0000066_acc_data.bmp,5102
AI_CUP/bounding_box_test/0005103_1016-190000-191900_0000068_acc_data.bmp,5103
AI_CUP/bounding_box_test/0005104_1016-190000-191900_0000071_acc_data.bmp,5104
AI_CUP/bounding_box_test/0005105_1016-190000-191900_0000072_acc_data.bmp,5105
AI_CUP/bounding_box_test/0005106_1016-190000-191900_0000071_acc_data.bmp,5106
AI_CUP/bounding_box_test/0005107_1016-190000-191900_0000087_acc_data.bmp,5107
AI_CUP/bounding_box_test/0005108_1016-190000-191900_0000093_acc_data.bmp,5108
AI_CUP/bounding_box_test/0005109_1016-190000-191900_0000096_acc_data.bmp,5109
AI_CUP/bounding_box_test/0005110_1016-190000-191900_0000131_acc_data.bmp,5110
AI_CUP/bounding_box_test/0005111_1016-190000-191900_0000126_acc_data.bmp,5111
AI_CUP/bounding_box_test/0005112_1016-190000-191900_0000128_acc_data.bmp,5112
AI_CUP/bounding_box_test/0005113_1016-190000-191900_0000186_acc_data.bmp,5113
AI_CUP/bounding_box_test/0005114_1016-190000-191900_0000142_acc_data.bmp,5114
AI_CUP/bounding_box_test/0005115_1016-190000-191900_0000144_acc_data.bmp,5115
AI_CUP/bounding_box_test/0005116_1016-190000-191900_0000145_acc_data.bmp,5116
AI_CUP/bounding_box_test/0005117_1016-190000-191900_0000147_acc_data.bmp,5117
AI_CUP/bounding_box_test/0005118_1016-190000-191900_0000148_acc_data.bmp,5118
AI_CUP/bounding_box_test/0005119_1016-190000-191900_0000149_acc_data.bmp,5119
AI_CUP/bounding_box_test/0005120_1016-190000-191900_0000151_acc_data.bmp,5120
AI_CUP/bounding_box_test/0005121_1016-190000-191900_0000153_acc_data.bmp,5121
AI_CUP/bounding_box_test/0005122_1016-190000-191900_0000153_acc_data.bmp,5122
AI_CUP/bounding_box_test/0005123_1016-190000-191900_0000159_acc_data.bmp,5123
AI_CUP/bounding_box_test/0005124_1016-190000-191900_0000166_acc_data.bmp,5124
AI_CUP/bounding_box_test/0005125_1016-190000-191900_0000166_acc_data.bmp,5125
AI_CUP/bounding_box_test/0005126_1016-190000-191900_0000173_acc_data.bmp,5126
AI_CUP/bounding_box_test/0005127_1016-190000-191900_0000181_acc_data.bmp,5127
AI_CUP/bounding_box_test/0005128_1016-190000-191900_0000191_acc_data.bmp,5128
AI_CUP/bounding_box_test/0005129_1016-190000-191900_0000195_acc_data.bmp,5129
AI_CUP/bounding_box_test/0005130_1016-190000-191900_0000198_acc_data.bmp,5130
AI_CUP/bounding_box_test/0005131_1016-190000-191900_0000200_acc_data.bmp,5131
AI_CUP/bounding_box_test/0005132_1016-190000-191900_0000210_acc_data.bmp,5132
AI_CUP/bounding_box_test/0005133_1016-190000-191900_0000210_acc_data.bmp,5133
AI_CUP/bounding_box_test/0005134_1016-190000-191900_0000268_acc_data.bmp,5134
AI_CUP/bounding_box_test/0005135_1016-190000-191900_0000225_acc_data.bmp,5135
AI_CUP/bounding_box_test/0005136_1016-190000-191900_0000225_acc_data.bmp,5136
AI_CUP/bounding_box_test/0005137_1016-190000-191900_0000235_acc_data.bmp,5137
AI_CUP/bounding_box_test/0005138_1016-190000-191900_0000240_acc_data.bmp,5138
AI_CUP/bounding_box_test/0005139_1016-190000-191900_0000245_acc_data.bmp,5139
AI_CUP/bounding_box_test/0005140_1016-190000-191900_0000250_acc_data.bmp,5140
AI_CUP/bounding_box_test/0005141_1016-190000-191900_0000258_acc_data.bmp,5141
AI_CUP/bounding_box_test/0005142_1016-190000-191900_0000261_acc_data.bmp,5142
AI_CUP/bounding_box_test/0005143_1016-190000-191900_0000262_acc_data.bmp,5143
AI_CUP/bounding_box_test/0005144_1016-190000-191900_0000264_acc_data.bmp,5144
AI_CUP/bounding_box_test/0005145_1016-190000-191900_0000277_acc_data.bmp,5145
AI_CUP/bounding_box_test/0005146_1016-190000-191900_0000280_acc_data.bmp,5146
AI_CUP/bounding_box_test/0005147_1016-190000-191900_0000306_acc_data.bmp,5147
AI_CUP/bounding_box_test/0005148_1016-190000-191900_0000296_acc_data.bmp,5148
AI_CUP/bounding_box_test/0005149_1016-190000-191900_0000295_acc_data.bmp,5149
AI_CUP/bounding_box_test/0005150_1016-190000-191900_0000296_acc_data.bmp,5150
AI_CUP/bounding_box_test/0005151_1016-190000-191900_0000297_acc_data.bmp,5151
AI_CUP/bounding_box_test/0005152_1016-190000-191900_0000300_acc_data.bmp,5152
AI_CUP/bounding_box_test/0005153_1016-190000-191900_0000306_acc_data.bmp,5153
AI_CUP/bounding_box_test/0005154_1016-190000-191900_0000308_acc_data.bmp,5154
AI_CUP/bounding_box_test/0005155_1016-190000-191900_0000318_acc_data.bmp,5155
AI_CUP/bounding_box_test/0005156_1016-190000-191900_0000323_acc_data.bmp,5156
AI_CUP/bounding_box_test/0005157_1016-190000-191900_0000344_acc_data.bmp,5157
AI_CUP/bounding_box_test/0005158_1016-190000-191900_0000350_acc_data.bmp,5158
AI_CUP/bounding_box_test/0005159_1016-190000-191900_0000357_acc_data.bmp,5159
AI_CUP/bounding_box_test/0005160_1016-190000-191900_0000039_acc_data.bmp,5160
AI_CUP/bounding_box_test/0005161_1016-190000-191900_0000120_acc_data.bmp,5161
AI_CUP/bounding_box_test/0005162_1016-190000-191900_0000290_acc_data.bmp,5162
